{"_counts": [0.06311616608245106, 0.04566086316055995, 0.02400388188439815, 0.017800411697488493, 0.015200280759263336, 0.014502503871641197, 0.01628946634805661, 0.022835706741450267, 0.04341342680133438], "_edges": [20.0, 30.0, 50.0, 70.0, 100.0, 140.0, 200.0, 300.0, 600.0, 900.0], "_errors": [6.71693623058578e-05, 3.957324035760296e-05, 4.14205043392981e-05, 4.13034460922633e-05, 5.045120319473531e-05, 6.568393692749953e-05, 9.81044116225814e-05, 0.00017417215710817217, 0.0008067311844768242], "_errors_up": [6.720267651595668e-05, 3.958956115734935e-05, 4.145533130030937e-05, 4.135044089945833e-05, 5.0533497222997326e-05, 6.583015615824889e-05, 9.839405031753304e-05, 0.00017481833001279506, 0.0008138179950176044], "_errors_down": [6.71360480957589e-05, 3.955691955785656e-05, 4.138567737828683e-05, 4.1256451285068274e-05, 5.03689091664733e-05, 6.553771769675018e-05, 9.781477292762977e-05, 0.00017352598420354928, 0.000799644373936044], "_metadata": {}}