{"_counts": [0.1899869177513325, 0.17258444152391983, 0.15503152697422856, 0.15333831228156677, 0.15663462637194503, 0.16597492448435022, 0.18275998520949965, 0.2084002354956112, 0.23351897422613652], "_edges": [20.0, 30.0, 50.0, 70.0, 100.0, 140.0, 200.0, 300.0, 600.0, 900.0], "_errors": [0.00048774296977507903, 0.0002975659454811652, 0.0003688356151443639, 0.0003967087809613329, 0.0005067904391001521, 0.0006799062314477022, 0.0009875900792665482, 0.0014924359857923647, 0.004879389324186148], "_errors_up": [0.00048822143838775367, 0.00029776875237719214, 0.0003691933557015692, 0.0003971283665397396, 0.0005074567436893496, 0.000681018952966489, 0.0009896548683510087, 0.001496355369497826, 0.00491436568483497], "_errors_down": [0.0004872645011624044, 0.0002973631385851383, 0.00036847787458715864, 0.0003962891953829262, 0.0005061241345109546, 0.0006787935099289155, 0.0009855252901820877, 0.0014885166020869034, 0.004844412963537326], "_metadata": {}}