{"_counts": [0.7376442262012629, 0.7857133899293974, 0.8155672128924673, 0.8302726725590459, 0.8394370109068536, 0.8458411935269683, 0.8489540733364138, 0.8535575940342952, 0.8405694202847102], "_edges": [20.0, 30.0, 50.0, 70.0, 100.0, 140.0, 200.0, 300.0, 600.0, 900.0], "_errors": [0.00021479576677363443, 9.402149272763616e-05, 9.206291588520488e-05, 8.931976104759043e-05, 0.00011312146709130388, 0.00016531972916838944, 0.0002894200642614142, 0.0005629123859409724, 0.002198937174614002], "_errors_up": [0.00021473914320369047, 9.400649685187279e-05, 9.204514230221061e-05, 8.930106993543241e-05, 0.0001130892538503403, 0.00016524728812972178, 0.00028919237783930907, 0.000562018131691544, 0.0021867484537508863], "_errors_down": [0.0002148523903435784, 9.403648860339953e-05, 9.208068946819914e-05, 8.933845215974845e-05, 0.00011315368033226747, 0.0001653921702070571, 0.00028964775068351933, 0.0005638066401904007, 0.0022111258954771174], "_metadata": {}}