{
    "eff": {
        "b": {
            "pt:[20.0, 30.0]": {
                "value": 0.6504578092449548,
                "error": 0.6504578092449548
            },
            "pt:[30.0, 50.0]": {
                "value": 0.7097697155129677,
                "error": 0.7097697155129677
            },
            "pt:[50.0, 70.0]": {
                "value": 0.7505123257683979,
                "error": 0.7505123257683979
            },
            "pt:[70.0, 100.0]": {
                "value": 0.7729429476005041,
                "error": 0.7729429476005041
            },
            "pt:[100.0, 140.0]": {
                "value": 0.7874218941198703,
                "error": 0.7874218941198703
            },
            "pt:[140.0, 200.0]": {
                "value": 0.7972081209609417,
                "error": 0.7972081209609417
            },
            "pt:[200.0, 300.0]": {
                "value": 0.8071982873963072,
                "error": 0.8071982873963072
            },
            "pt:[300.0, 600.0]": {
                "value": 0.8149284253578732,
                "error": 0.8149284253578732
            },
            "pt:[600.0, 900.0]": {
                "value": 0.8341269841269842,
                "error": 0.8341269841269842
            }
        },
        "c": {
            "pt:[20.0, 30.0]": {
                "value": 0.13865076407007082,
                "error": 0.13865076407007082
            },
            "pt:[30.0, 50.0]": {
                "value": 0.12357737268274885,
                "error": 0.12357737268274885
            },
            "pt:[50.0, 70.0]": {
                "value": 0.10890505209357185,
                "error": 0.10890505209357185
            },
            "pt:[70.0, 100.0]": {
                "value": 0.11175323524197837,
                "error": 0.11175323524197837
            },
            "pt:[100.0, 140.0]": {
                "value": 0.11555656159809857,
                "error": 0.11555656159809857
            },
            "pt:[140.0, 200.0]": {
                "value": 0.13055193394176445,
                "error": 0.13055193394176445
            },
            "pt:[200.0, 300.0]": {
                "value": 0.1443620178041543,
                "error": 0.1443620178041543
            },
            "pt:[300.0, 600.0]": {
                "value": 0.16965598353425462,
                "error": 0.16965598353425462
            },
            "pt:[600.0, 900.0]": {
                "value": 0.18591549295774648,
                "error": 0.18591549295774648
            }
        },
        "light": {
            "pt:[20.0, 30.0]": {
                "value": 0.05278374096786777,
                "error": 0.05278374096786777
            },
            "pt:[30.0, 50.0]": {
                "value": 0.0355911190847809,
                "error": 0.0355911190847809
            },
            "pt:[50.0, 70.0]": {
                "value": 0.017547226750271788,
                "error": 0.017547226750271788
            },
            "pt:[70.0, 100.0]": {
                "value": 0.013919997200251978,
                "error": 0.013919997200251978
            },
            "pt:[100.0, 140.0]": {
                "value": 0.012338380563713338,
                "error": 0.012338380563713338
            },
            "pt:[140.0, 200.0]": {
                "value": 0.012451410873659684,
                "error": 0.012451410873659684
            },
            "pt:[200.0, 300.0]": {
                "value": 0.015717316422200426,
                "error": 0.015717316422200426
            },
            "pt:[300.0, 600.0]": {
                "value": 0.02601824326041111,
                "error": 0.02601824326041111
            },
            "pt:[600.0, 900.0]": {
                "value": 0.06390977443609022,
                "error": 0.06390977443609022
            }
        }
    }
}