{
    "eff": {
        "b": {
            "pt:[20.0, 30.0]": {
                "value": 0.6387040389537424,
                "error": 0.6387040389537424
            },
            "pt:[30.0, 50.0]": {
                "value": 0.6947540768129566,
                "error": 0.6947540768129566
            },
            "pt:[50.0, 70.0]": {
                "value": 0.7365657600504368,
                "error": 0.7365657600504368
            },
            "pt:[70.0, 100.0]": {
                "value": 0.7605649125908599,
                "error": 0.7605649125908599
            },
            "pt:[100.0, 140.0]": {
                "value": 0.776043920996879,
                "error": 0.776043920996879
            },
            "pt:[140.0, 200.0]": {
                "value": 0.7857485544024443,
                "error": 0.7857485544024443
            },
            "pt:[200.0, 300.0]": {
                "value": 0.7908464363831456,
                "error": 0.7908464363831456
            },
            "pt:[300.0, 600.0]": {
                "value": 0.7954150746787079,
                "error": 0.7954150746787079
            },
            "pt:[600.0, 900.0]": {
                "value": 0.8303571428571429,
                "error": 0.8303571428571429
            }
        },
        "c": {
            "pt:[20.0, 30.0]": {
                "value": 0.13049357674104126,
                "error": 0.13049357674104126
            },
            "pt:[30.0, 50.0]": {
                "value": 0.11912161817903907,
                "error": 0.11912161817903907
            },
            "pt:[50.0, 70.0]": {
                "value": 0.10844128708733806,
                "error": 0.10844128708733806
            },
            "pt:[70.0, 100.0]": {
                "value": 0.10858391159085068,
                "error": 0.10858391159085068
            },
            "pt:[100.0, 140.0]": {
                "value": 0.10876256925918326,
                "error": 0.10876256925918326
            },
            "pt:[140.0, 200.0]": {
                "value": 0.13829787234042554,
                "error": 0.13829787234042554
            },
            "pt:[200.0, 300.0]": {
                "value": 0.13283922462941847,
                "error": 0.13283922462941847
            },
            "pt:[300.0, 600.0]": {
                "value": 0.16752843846949328,
                "error": 0.16752843846949328
            },
            "pt:[600.0, 900.0]": {
                "value": 0.16842105263157894,
                "error": 0.16842105263157894
            }
        },
        "light": {
            "pt:[20.0, 30.0]": {
                "value": 0.050771195694563606,
                "error": 0.050771195694563606
            },
            "pt:[30.0, 50.0]": {
                "value": 0.033576568847177475,
                "error": 0.033576568847177475
            },
            "pt:[50.0, 70.0]": {
                "value": 0.01649960888468465,
                "error": 0.01649960888468465
            },
            "pt:[70.0, 100.0]": {
                "value": 0.013579426479254699,
                "error": 0.013579426479254699
            },
            "pt:[100.0, 140.0]": {
                "value": 0.012388633485814673,
                "error": 0.012388633485814673
            },
            "pt:[140.0, 200.0]": {
                "value": 0.014092364913730757,
                "error": 0.014092364913730757
            },
            "pt:[200.0, 300.0]": {
                "value": 0.01775395695502889,
                "error": 0.01775395695502889
            },
            "pt:[300.0, 600.0]": {
                "value": 0.03862899490504863,
                "error": 0.03862899490504863
            },
            "pt:[600.0, 900.0]": {
                "value": 0.07802874743326489,
                "error": 0.07802874743326489
            }
        }
    }
}