{
    "eff": {
        "b": {
            "pt:[20.0, 30.0]": {
                "value": 0.7412761796549803,
                "error": 0.7412761796549803
            },
            "pt:[30.0, 50.0]": {
                "value": 0.7865539431078137,
                "error": 0.7865539431078137
            },
            "pt:[50.0, 70.0]": {
                "value": 0.8161858399932183,
                "error": 0.8161858399932183
            },
            "pt:[70.0, 100.0]": {
                "value": 0.8312432275463754,
                "error": 0.8312432275463754
            },
            "pt:[100.0, 140.0]": {
                "value": 0.8421040900479215,
                "error": 0.8421040900479215
            },
            "pt:[140.0, 200.0]": {
                "value": 0.8498599163200573,
                "error": 0.8498599163200573
            },
            "pt:[200.0, 300.0]": {
                "value": 0.8539432889807519,
                "error": 0.8539432889807519
            },
            "pt:[300.0, 600.0]": {
                "value": 0.8591802824702298,
                "error": 0.8591802824702298
            },
            "pt:[600.0, 900.0]": {
                "value": 0.8485016648168702,
                "error": 0.8485016648168702
            }
        },
        "c": {
            "pt:[20.0, 30.0]": {
                "value": 0.1838894743004332,
                "error": 0.1838894743004332
            },
            "pt:[30.0, 50.0]": {
                "value": 0.16832559398621494,
                "error": 0.16832559398621494
            },
            "pt:[50.0, 70.0]": {
                "value": 0.15314469899426753,
                "error": 0.15314469899426753
            },
            "pt:[70.0, 100.0]": {
                "value": 0.15355950624951478,
                "error": 0.15355950624951478
            },
            "pt:[100.0, 140.0]": {
                "value": 0.16511826037567448,
                "error": 0.16511826037567448
            },
            "pt:[140.0, 200.0]": {
                "value": 0.1699077536773872,
                "error": 0.1699077536773872
            },
            "pt:[200.0, 300.0]": {
                "value": 0.19097413318657128,
                "error": 0.19097413318657128
            },
            "pt:[300.0, 600.0]": {
                "value": 0.22835497835497837,
                "error": 0.22835497835497837
            },
            "pt:[600.0, 900.0]": {
                "value": 0.28941176470588237,
                "error": 0.28941176470588237
            }
        },
        "light": {
            "pt:[20.0, 30.0]": {
                "value": 0.06852472099186807,
                "error": 0.06852472099186807
            },
            "pt:[30.0, 50.0]": {
                "value": 0.04983550740249733,
                "error": 0.04983550740249733
            },
            "pt:[50.0, 70.0]": {
                "value": 0.02700505614046717,
                "error": 0.02700505614046717
            },
            "pt:[70.0, 100.0]": {
                "value": 0.02007947351991444,
                "error": 0.02007947351991444
            },
            "pt:[100.0, 140.0]": {
                "value": 0.016808396324292277,
                "error": 0.016808396324292277
            },
            "pt:[140.0, 200.0]": {
                "value": 0.015211601314053823,
                "error": 0.015211601314053823
            },
            "pt:[200.0, 300.0]": {
                "value": 0.017416992593825415,
                "error": 0.017416992593825415
            },
            "pt:[300.0, 600.0]": {
                "value": 0.02729779411764706,
                "error": 0.02729779411764706
            },
            "pt:[600.0, 900.0]": {
                "value": 0.06722861842105263,
                "error": 0.06722861842105263
            }
        }
    }
}