{"_counts": [0.06852472099186807, 0.04983550740249733, 0.02700505614046717, 0.02007947351991444, 0.016808396324292277, 0.015211601314053823, 0.017416992593825415, 0.02729779411764706, 0.06722861842105263], "_edges": [20.0, 30.0, 50.0, 70.0, 100.0, 140.0, 200.0, 300.0, 600.0, 900.0], "_errors": [0.00024703017820859596, 0.00014466231179752556, 0.00015599688212129467, 0.00015930368034687732, 0.00019679471526083507, 0.0002529713053125715, 0.00038155664919369524, 0.0007078771085574122, 0.0036938249719454183], "_errors_up": [0.00024744188925190924, 0.00014486095606679184, 0.00015643364034406346, 0.00015992016225176847, 0.00019792036799153034, 0.00025502498596111783, 0.00038561688404252156, 0.0007166810324292089, 0.003785340368578388], "_errors_down": [0.0002466184671652827, 0.0001444636675282593, 0.0001555601238985259, 0.00015868719844198617, 0.0001956690625301398, 0.0002509176246640252, 0.0003774964143448689, 0.0006990731846856155, 0.0036023095753124484], "_metadata": {}}