{"_counts": [0.7480590513191241, 0.7904458279022046, 0.8190832722883098, 0.8344617277966081, 0.8445834939709282, 0.8518936458197879, 0.8561272523108728, 0.8644347140882025, 0.8735137869972173], "_edges": [20.0, 30.0, 50.0, 70.0, 100.0, 140.0, 200.0, 300.0, 600.0, 900.0], "_errors": [0.00012027029429961811, 5.302588813826947e-05, 5.2630860514712996e-05, 5.100877651120772e-05, 6.405037573137262e-05, 9.34304315067247e-05, 0.00016671970514020584, 0.0003362704288200624, 0.0013296328815851077], "_errors_up": [0.0001202512625997354, 5.30209576352636e-05, 5.262489733726117e-05, 5.100247575184902e-05, 6.40396100722862e-05, 9.340609491581553e-05, 0.00016663939587824306, 0.0003359192822565138, 0.0013236918944049547], "_errors_down": [0.00012028932599950082, 5.3030818641275346e-05, 5.2636823692164825e-05, 5.101507727056642e-05, 6.406114139045904e-05, 9.345476809763387e-05, 0.00016680001440216863, 0.00033662157538361104, 0.0013355738687652607], "_metadata": {}}