{"_counts": [0.13049357674104126, 0.11912161817903907, 0.10844128708733806, 0.10858391159085068, 0.10876256925918326, 0.13829787234042554, 0.13283922462941847, 0.16752843846949328, 0.16842105263157894], "_edges": [20.0, 30.0, 50.0, 70.0, 100.0, 140.0, 200.0, 300.0, 600.0, 900.0], "_errors": [0.0036321595191479567, 0.002337724233278493, 0.0032304335282584626, 0.003591103309248375, 0.004562740186071647, 0.006262639481550938, 0.008388539434096516, 0.01252308865361966, 0.04350290742611736], "_errors_up": [0.0036744534781316396, 0.0023573439147923925, 0.003272011464734395, 0.003642315258254536, 0.004644867386170093, 0.006378695375817506, 0.008605166706562056, 0.01288150111938724, 0.04744428423205724], "_errors_down": [0.0035898655601642737, 0.0023181045517645937, 0.00318885559178253, 0.0035398913602422144, 0.004480612985973201, 0.006146583587284371, 0.008171912161630976, 0.01216467618785208, 0.039561530620177476], "_metadata": {}}