{"_counts": [0.13865076407007082, 0.12357737268274885, 0.10890505209357185, 0.11175323524197837, 0.11555656159809857, 0.13055193394176445, 0.1443620178041543, 0.16965598353425462, 0.18591549295774648], "_edges": [20.0, 30.0, 50.0, 70.0, 100.0, 140.0, 200.0, 300.0, 600.0, 900.0], "_errors": [0.0019415344010135505, 0.0012398813446947501, 0.0016649223207919894, 0.0018937721109695618, 0.0024332694108609512, 0.0031845127878816493, 0.004355128710187117, 0.00658256885639559, 0.022036319185282552], "_errors_up": [0.0019528484561815995, 0.0012451939810996515, 0.0016759989337221393, 0.0019076675052160513, 0.0024552809659069696, 0.0032170684515320236, 0.0044088054687701494, 0.006681905170501462, 0.022979807774287514], "_errors_down": [0.0019302203458455014, 0.0012345687082898488, 0.0016538457078618396, 0.0018798767167230723, 0.002411257855814933, 0.003151957124231275, 0.004301451951604085, 0.006483232542289719, 0.02109283059627759], "_metadata": {}}