{"_counts": [0.6387040389537424, 0.6947540768129566, 0.7365657600504368, 0.7605649125908599, 0.776043920996879, 0.7857485544024443, 0.7908464363831456, 0.7954150746787079, 0.8303571428571429], "_edges": [20.0, 30.0, 50.0, 70.0, 100.0, 140.0, 200.0, 300.0, 600.0, 900.0], "_errors": [0.0017036477977013798, 0.0007798878457286884, 0.000799874069240758, 0.0007885614065953894, 0.0009977619591303166, 0.0014642275915883185, 0.0026333761292038904, 0.005402797465054732, 0.021944452791013203], "_errors_up": [0.0017019096473986917, 0.0007793303164619347, 0.0007990956510198766, 0.0007876735972700555, 0.0009961853074409444, 0.00146060422889982, 0.0026212781974177535, 0.005350658033385081, 0.02089168424052612], "_errors_down": [0.0017053859480040678, 0.0007804453749954421, 0.0008006524874616394, 0.0007894492159207234, 0.0009993386108196889, 0.001467850954276817, 0.0026454740609900274, 0.005454936896724383, 0.022997221341500285], "_metadata": {}}