{"_counts": [0.7412761796549803, 0.7865539431078137, 0.8161858399932183, 0.8312432275463754, 0.8421040900479215, 0.8498599163200573, 0.8539432889807519, 0.8591802824702298, 0.8485016648168702], "_edges": [20.0, 30.0, 50.0, 70.0, 100.0, 140.0, 200.0, 300.0, 600.0, 900.0], "_errors": [0.0007251398359499617, 0.000318898002827972, 0.00031679158169856114, 0.0003074182137492443, 0.0003855112160328633, 0.0005624657610794337, 0.0010075559117933008, 0.0020638578305138267, 0.008722662303843498], "_errors_up": [0.0007244795731746745, 0.0003187245923841342, 0.00031658030195935716, 0.0003071953008000339, 0.0003851293940972944, 0.000561600231583137, 0.0010046866453070624, 0.002051319003071206, 0.00852296954473497], "_errors_down": [0.0007258000987252489, 0.00031907141327180977, 0.0003170028614377651, 0.00030764112669845467, 0.0003858930379684322, 0.0005633312905757304, 0.0010104251782795393, 0.0020763966579564475, 0.008922355062952025], "_metadata": {}}