{"_counts": [0.050771195694563606, 0.033576568847177475, 0.01649960888468465, 0.013579426479254699, 0.012388633485814673, 0.014092364913730757, 0.01775395695502889, 0.03862899490504863, 0.07802874743326489], "_edges": [20.0, 30.0, 50.0, 70.0, 100.0, 140.0, 200.0, 300.0, 600.0, 900.0], "_errors": [0.0004871502472683503, 0.00026759867705326845, 0.0002739461191529277, 0.00029294065013707807, 0.0003793327157347662, 0.0005462089751927671, 0.0008756152762513757, 0.0019013693168217702, 0.00911004573933287], "_errors_up": [0.0004893512265057992, 0.00026862375077845585, 0.00027616347942378133, 0.000296023277386424, 0.00038498029639586276, 0.00055644338163632, 0.0008963035199519714, 0.0019451758592872598, 0.009568917205807145], "_errors_down": [0.00048494926803090144, 0.00026657360332808105, 0.0002717287588820741, 0.0002898580228877321, 0.0003736851350736696, 0.0005359745687492142, 0.0008549270325507799, 0.0018575627743562806, 0.008651174272858594], "_metadata": {}}