{"_counts": [0.05278374096786777, 0.0355911190847809, 0.017547226750271788, 0.013919997200251978, 0.012338380563713338, 0.012451410873659684, 0.015717316422200426, 0.02601824326041111, 0.06390977443609022], "_edges": [20.0, 30.0, 50.0, 70.0, 100.0, 140.0, 200.0, 300.0, 600.0, 900.0], "_errors": [0.00025822782332443964, 0.00014395941788972189, 0.00014817324852270733, 0.0001558595180651606, 0.0001984014578929657, 0.00026819605354704967, 0.0004257961154962306, 0.0008151944195481948, 0.0043047045676307474], "_errors_up": [0.0002588227313341379, 0.00014423922767243386, 0.0001487850482755071, 0.00015671490857390585, 0.00019996398385596463, 0.0002710173659518766, 0.0004313949573009311, 0.0008274285376504119, 0.004435184957253174], "_errors_down": [0.00025763291531474136, 0.00014367960810700992, 0.00014756144876990757, 0.00015500412755641534, 0.00019683893192996675, 0.00026537474114222276, 0.00042019727369153013, 0.0008029603014459777, 0.004174224178008321], "_metadata": {}}