{"_counts": [4.226477398441909e-06, 1.3971241021324693e-05, 4.342307137669061e-05, 9.81744710354214e-05, 0.00017543452288120012, 0.00027453583597424915, 0.0004008569101275123, 0.0005771550716870674, 0.000813279106424283, 0.0011185309522537242, 0.001537206293909775, 0.0021287075487061544, 0.0029409479503654593, 0.004012654154440935, 0.005371279303670628, 0.007043331221880851, 0.00905234785597565, 0.011403326028900927, 0.014063393787066737, 0.016946449326923557, 0.01990985090460546, 0.022771498073876156, 0.02535236309022047, 0.027529669061678502, 0.02927312354926824, 0.030639446359640686, 0.03173283493731142, 0.032661986553406, 0.03351143603503145, 0.03432941339035388, 0.03512920835776162, 0.035896784303847726, 0.03660029117060048, 0.037199271365602346, 0.03764935747783559, 0.03790326614680527, 0.037910260631645154, 0.0376169682330303, 0.0369707836932302, 0.035927656713240864, 0.034461046391411676, 0.03257077540380931, 0.03028813433579683, 0.02767610176072304, 0.024824434372429708, 0.02184059533433955, 0.018838353661212254, 0.01592663791972946, 0.013199132106110956, 0.010726986092242607, 0.00855535001800688, 0.006703171183615499, 0.005166324074478463, 0.003923044980110336, 0.0029400737069619287, 0.0021785625455705347, 0.0015988817177479376, 0.0011640572031709332, 0.0008417626713528751, 0.0006050962901968056, 0.00043254864921304855, 0.00030745183295137056, 0.00021718651234346655, 0.0001523560539769893, 0.00010603483260098538, 7.314431824832041e-05, 4.996608388711412e-05, 3.377730056187845e-05, 2.2584716127875427e-05, 1.4932397416970445e-05, 9.762271513935242e-06, 6.311660140278375e-06, 4.036804225449179e-06, 2.555084449161999e-06, 1.6011630907020583e-06, 9.93825170001791e-07, 6.111942932435723e-07, 3.725163499207533e-07, 2.2503440251686734e-07, 1.3473005622338094e-07, 7.992853386871184e-08, 4.696923548601228e-08, 2.732788841425161e-08, 1.573453131758767e-08, 8.96008237776958e-09, 5.043467891783816e-09, 2.8045133663092924e-09, 1.539782878187437e-09, 8.342835799678888e-10, 4.458793211986183e-10, 2.349564808462102e-10, 1.220283767476979e-10, 6.244437997878857e-11, 3.147447373942868e-11, 1.5622332833234242e-11, 7.634140692123891e-12, 3.672145445203155e-12, 1.7384320981659407e-12, 8.098838822129067e-13, 3.7126747399471974e-13], "_edges": [0.0, 1.0, 2.0, 3.0, 4.0, 5.0, 6.0, 7.0, 8.0, 9.0, 10.0, 11.0, 12.0, 13.0, 14.0, 15.0, 16.0, 17.0, 18.0, 19.0, 20.0, 21.0, 22.0, 23.0, 24.0, 25.0, 26.0, 27.0, 28.0, 29.0, 30.0, 31.0, 32.0, 33.0, 34.0, 35.0, 36.0, 37.0, 38.0, 39.0, 40.0, 41.0, 42.0, 43.0, 44.0, 45.0, 46.0, 47.0, 48.0, 49.0, 50.0, 51.0, 52.0, 53.0, 54.0, 55.0, 56.0, 57.0, 58.0, 59.0, 60.0, 61.0, 62.0, 63.0, 64.0, 65.0, 66.0, 67.0, 68.0, 69.0, 70.0, 71.0, 72.0, 73.0, 74.0, 75.0, 76.0, 77.0, 78.0, 79.0, 80.0, 81.0, 82.0, 83.0, 84.0, 85.0, 86.0, 87.0, 88.0, 89.0, 90.0, 91.0, 92.0, 93.0, 94.0, 95.0, 96.0, 97.0, 98.0, 99.0, 100.0], "_errors": [0.0020558398280123647, 0.003737812330939676, 0.006589618454560978, 0.009908303136027955, 0.013245169794351454, 0.016569122969374364, 0.02002141129210207, 0.024024051941482882, 0.028518048783608654, 0.03344444576089914, 0.03920722247124597, 0.046137918773023937, 0.05423050756138522, 0.06334551408301092, 0.07328901216192389, 0.08392455672734203, 0.0951438272089979, 0.10678635694179724, 0.11858918073360122, 0.13017852867091237, 0.14110227108238002, 0.15090227988296318, 0.1592242540890692, 0.16592067098971877, 0.17109390272382075, 0.17504127044683115, 0.17813712397283005, 0.18072627521588, 0.18306129037847255, 0.18528198344780822, 0.18742787508202088, 0.1894644671273422, 0.19131202568213132, 0.19287112631392586, 0.19403442343521315, 0.1946876116932078, 0.19470557421821583, 0.19395094285161465, 0.1922778814456572, 0.1895459224389722, 0.1856368670049451, 0.1804737526728175, 0.17403486528795553, 0.16636135897714663, 0.15755771759082354, 0.14778563981097606, 0.13725288215994685, 0.12620078414863142, 0.11488747584532857, 0.1035711643858589, 0.09249513510453877, 0.08187289651414258, 0.07187714570347423, 0.06263421572998529, 0.054222446523205944, 0.046675074135672616, 0.03998601902850467, 0.034118282535481374, 0.029013146526236603, 0.024598705051217747, 0.020797803951692798, 0.01753430446157961, 0.01473724914437788, 0.012343259455143496, 0.01029732162268351, 0.008552445161959264, 0.007068669173692748, 0.005811824202595813, 0.0047523379643997785, 0.0038642460347356826, 0.0031244633961586494, 0.0025123017613890206, 0.0020091799883159246, 0.0015984631522690785, 0.0012653707325136212, 0.0009969078041633494, 0.0007817891616309172, 0.0006103411750166895, 0.00047437791107604, 0.00036705593064733467, 0.00028271634878215276, 0.0002167238692115206, 0.00016531148905702715, 0.00012543736013480061, 9.465771166560905e-05, 7.101737739302837e-05, 5.2957656352120537e-05, 3.924006725513397e-05, 2.8883967524699387e-05, 2.1115854735213024e-05, 1.532829021274748e-05, 1.1046645497511808e-05, 7.902175648439395e-06, 5.610211559239872e-06, 3.952509687936798e-06, 2.7629948773249456e-06, 1.916284280894449e-06, 1.318496150227956e-06, 8.999354878061575e-07, 6.093172195127262e-07], "_errors_up": null, "_errors_down": null, "_metadata": {}}