{"_counts": [4.922563392413098e-06, 1.8527553393428142e-05, 6.005711473255416e-05, 0.00013389582275815667, 0.00023747928926314582, 0.00036988571666420517, 0.0005547790647003486, 0.0008154536198532472, 0.0011619651973542346, 0.0016455537893186832, 0.0023510814152738393, 0.003348816841049413, 0.004693371844288566, 0.00642395520172029, 0.008578842534065025, 0.011184722761547406, 0.014226342421753961, 0.017615018593346264, 0.021172300894745318, 0.024646459938496162, 0.027775098341703254, 0.030375543906870046, 0.032408680966028836, 0.03396741555481501, 0.03520714459770968, 0.03627594199489461, 0.03727456596738366, 0.03824566269566766, 0.03918298794860641, 0.04004672916187129, 0.040780200724900635, 0.041319588980086426, 0.04159636001926835, 0.04153661318985046, 0.041062860058848315, 0.04010172602279756, 0.03859824478856805, 0.036531739767036116, 0.03392839575016583, 0.03086521352389026, 0.027464226169728587, 0.023878226105880185, 0.02027138567382554, 0.016799780147459694, 0.013593799609228133, 0.010746582304226626, 0.008309554719162475, 0.006294149846425202, 0.004679378233923755, 0.0034221236945220085, 0.0024676668632482254, 0.0017586052968429596, 0.0012411969187206293, 0.0008689868602565437, 0.0006041254419222783, 0.0004171831971875072, 0.0002860716062955193, 0.00019462879145964489, 0.00013122569648724044, 8.757023189994524e-05, 5.7769647122401464e-05, 3.763767724186399e-05, 2.4200863602924804e-05, 1.5352278216802076e-05, 9.60805646760264e-06, 5.933665206941877e-06, 3.617641171193947e-06, 2.178621191059056e-06, 1.2966992980137893e-06, 7.631610467271301e-07, 4.442924000005483e-07, 2.558995606898549e-07, 1.4581271311586373e-07, 8.217314794131135e-08, 4.577984210772844e-08, 2.5197972236516695e-08, 1.3692989200179207e-08, 7.340828569062332e-09, 3.8794962947498885e-09, 2.019616581514511e-09, 1.0349657369912273e-09, 5.217621240324062e-10, 2.5862064529985815e-10, 1.2597405616469437e-10, 6.027496407982235e-11, 2.8318272265048853e-11, 1.3059591825819927e-11, 5.910248516847233e-12, 2.6241917393319883e-12, 1.1429337395398647e-12, 4.882390582827966e-13, 2.0456325832154066e-13, 8.408136553252012e-14, 3.3927891290510235e-14, 1.3465222345058468e-14, 5.280771909245128e-15, 2.0696383729775686e-15, 8.316589666121286e-16, 3.6059647138074036e-16, 1.8170001824124716e-16], "_edges": [0.0, 1.0, 2.0, 3.0, 4.0, 5.0, 6.0, 7.0, 8.0, 9.0, 10.0, 11.0, 12.0, 13.0, 14.0, 15.0, 16.0, 17.0, 18.0, 19.0, 20.0, 21.0, 22.0, 23.0, 24.0, 25.0, 26.0, 27.0, 28.0, 29.0, 30.0, 31.0, 32.0, 33.0, 34.0, 35.0, 36.0, 37.0, 38.0, 39.0, 40.0, 41.0, 42.0, 43.0, 44.0, 45.0, 46.0, 47.0, 48.0, 49.0, 50.0, 51.0, 52.0, 53.0, 54.0, 55.0, 56.0, 57.0, 58.0, 59.0, 60.0, 61.0, 62.0, 63.0, 64.0, 65.0, 66.0, 67.0, 68.0, 69.0, 70.0, 71.0, 72.0, 73.0, 74.0, 75.0, 76.0, 77.0, 78.0, 79.0, 80.0, 81.0, 82.0, 83.0, 84.0, 85.0, 86.0, 87.0, 88.0, 89.0, 90.0, 91.0, 92.0, 93.0, 94.0, 95.0, 96.0, 97.0, 98.0, 99.0, 100.0], "_errors": [0.0022186850593117306, 0.004304364458712592, 0.007749652555602358, 0.01157133625637751, 0.01541036304773985, 0.01923241317838729, 0.023553748421437058, 0.028556148547261188, 0.03408761061374403, 0.04056542603398469, 0.04848795123815647, 0.05786896267473103, 0.06850818815505608, 0.08014958017182804, 0.09262204129722593, 0.10575784964506137, 0.11927423201074891, 0.13272158299743966, 0.1455070475775841, 0.15699191042374178, 0.16665862816459054, 0.17428581097401488, 0.18002411217953232, 0.18430251098347794, 0.18763566984374183, 0.19046244247854907, 0.19306622171520232, 0.19556498330648986, 0.19794693215255044, 0.20011678880561543, 0.2019410823109073, 0.20327220415021435, 0.20395185711159472, 0.20380533160310224, 0.20263972971470406, 0.20025415357189863, 0.1964643600976219, 0.1911327804617411, 0.18419662252648888, 0.17568498377462502, 0.1657233422597088, 0.15452581048446304, 0.14237761647754024, 0.12961396586579585, 0.11659245091011738, 0.10366572386390126, 0.09115675904266493, 0.07933567826914448, 0.06840598098064053, 0.05849892045603926, 0.04967561638518666, 0.04193572816636143, 0.035230624727935624, 0.029478583077491086, 0.024578963402110316, 0.020425062966549386, 0.016913651477298428, 0.013950942314397436, 0.011455378496027116, 0.009357896766899347, 0.007600634652606417, 0.006134955357772702, 0.004919437325845793, 0.003918198338114353, 0.003099686511181839, 0.002435911576174693, 0.0019020097715821407, 0.0014760153085449541, 0.0011387270515860195, 0.0008735908920811447, 0.0006665526235793753, 0.0005058651605812115, 0.0003818543087564467, 0.000286658591256762, 0.00021396224458471275, 0.00015873869168075153, 0.00011701704662218752, 8.567863542950677e-05, 6.22856026281346e-05, 4.494014443139353e-05, 3.217088337287659e-05, 2.2842112950259357e-05, 1.60816866435041e-05, 1.1223816470554674e-05, 7.763695259335103e-06, 5.321491545144919e-06, 3.6138057260760333e-06, 2.431100268776924e-06, 1.6199357207407916e-06, 1.0690807918674176e-06, 6.987410523812069e-07, 4.522866992534057e-07, 2.89967869827883e-07, 1.8419525317040673e-07, 1.1603974467853017e-07, 7.266891982990477e-08, 4.5493278327436115e-08, 2.883849799507819e-08, 1.898937785660026e-08, 1.347961491442716e-08], "_errors_up": null, "_errors_down": null, "_metadata": {}}