{"_counts": [4.5481720606730115e-06, 1.6010205967314968e-05, 5.0887934020267083e-05, 0.00011433442729451365, 0.00020351994497727282, 0.00031719895158805844, 0.0004688262624413375, 0.0006825973521912584, 0.0009664746716421454, 0.0013447538440969527, 0.0018837172732938904, 0.0026484142135811558, 0.0036911231152693806, 0.005049924533858896, 0.006756072194548951, 0.008840384711349951, 0.011317716489561674, 0.014162261279787468, 0.01728535144024882, 0.020526996776133663, 0.023673391379120706, 0.02650854775220177, 0.028883371187908884, 0.030763460687478508, 0.032221177354962126, 0.03338348930969942, 0.03437730892747433, 0.03529558083163736, 0.03618512855017862, 0.03705132967481617, 0.03786888199485837, 0.038594762866559544, 0.03917804253618663, 0.03956405212862531, 0.0396938718657985, 0.03950475600758516, 0.03893254234403441, 0.03792002712390704, 0.03642836245297445, 0.034449001979345945, 0.03201183819807355, 0.029186776687825225, 0.02607829229837963, 0.022814064322024704, 0.019530193386768705, 0.016356553797206665, 0.013403347157834426, 0.010751945784492139, 0.008450926003343536, 0.00651653206905174, 0.00493761921889186, 0.0036831338362665524, 0.002710163136827099, 0.0019712615679565873, 0.0014200259384371692, 0.0010147497783144649, 0.0007201932830444263, 0.000507975577704186, 0.0003561005365980902, 0.0002479979683045236, 0.0001714394923150474, 0.00011751813951243868, 7.979012840568724e-05, 5.360434081579794e-05, 3.5603823322528505e-05, 2.336621917652784e-05, 1.5147609211815276e-05, 9.699445901532986e-06, 6.135910687664327e-06, 3.83616500345506e-06, 2.371396554247367e-06, 1.4501615572897101e-06, 8.77675170586946e-07, 5.259113536821001e-07, 3.1206442562372204e-07, 1.833766919706372e-07, 1.0669595452955987e-07, 6.144941136944168e-08, 3.5014971328705336e-08, 1.972925501210608e-08, 1.0985363358503011e-08, 6.040576003713311e-09, 3.2780582274413413e-09, 1.7545049256898101e-09, 9.256255187957102e-10, 4.810874101531987e-10, 2.462121251045939e-10, 1.2402356730336973e-10, 6.146722594664066e-11, 2.9962909601134464e-11, 1.4361538551909245e-11, 6.766870352690974e-12, 3.1336799854052996e-12, 1.4260298449458362e-12, 6.376144580079239e-13, 2.8010694749266366e-13, 1.2091103877969766e-13, 5.1303793947102495e-14, 2.1419942225762594e-14, 8.821729342385198e-15], "_edges": [0.0, 1.0, 2.0, 3.0, 4.0, 5.0, 6.0, 7.0, 8.0, 9.0, 10.0, 11.0, 12.0, 13.0, 14.0, 15.0, 16.0, 17.0, 18.0, 19.0, 20.0, 21.0, 22.0, 23.0, 24.0, 25.0, 26.0, 27.0, 28.0, 29.0, 30.0, 31.0, 32.0, 33.0, 34.0, 35.0, 36.0, 37.0, 38.0, 39.0, 40.0, 41.0, 42.0, 43.0, 44.0, 45.0, 46.0, 47.0, 48.0, 49.0, 50.0, 51.0, 52.0, 53.0, 54.0, 55.0, 56.0, 57.0, 58.0, 59.0, 60.0, 61.0, 62.0, 63.0, 64.0, 65.0, 66.0, 67.0, 68.0, 69.0, 70.0, 71.0, 72.0, 73.0, 74.0, 75.0, 76.0, 77.0, 78.0, 79.0, 80.0, 81.0, 82.0, 83.0, 84.0, 85.0, 86.0, 87.0, 88.0, 89.0, 90.0, 91.0, 92.0, 93.0, 94.0, 95.0, 96.0, 97.0, 98.0, 99.0, 100.0], "_errors": [0.0021326443821399316, 0.004001275542538275, 0.0071335779255761326, 0.010692727776134284, 0.014266041671650648, 0.01781008005563306, 0.021652396228624155, 0.02612656410994868, 0.031088175752883047, 0.0366708855101285, 0.04340181186648652, 0.05146274588069661, 0.06075461394222977, 0.07106282103785985, 0.08219532951785613, 0.09402332004003024, 0.10638475684778188, 0.11900529937690786, 0.1314737671181929, 0.1432724564462188, 0.15386159813001002, 0.1628144580564078, 0.16995108469176914, 0.17539515582671747, 0.17950258314286768, 0.18271149200228054, 0.18541118878717738, 0.18787118148251838, 0.19022389058732508, 0.19248721951032532, 0.19459928569976398, 0.19645549843809296, 0.1979344399951323, 0.1989071444886415, 0.19923320974626318, 0.19875803381897586, 0.19731331010358732, 0.19473065275889936, 0.19086215563325917, 0.18560442338302702, 0.1789185239098332, 0.1708413787342669, 0.16148774658895834, 0.15104325314963493, 0.1397504682881911, 0.12789274333286726, 0.11577282564502961, 0.10369158974811862, 0.09192891821044963, 0.08072503991359645, 0.07026819493121948, 0.06068882793617415, 0.05205922720159318, 0.04439889151720555, 0.037683231528588004, 0.03185513739280471, 0.02683641710520289, 0.0225383135505784, 0.01887062629056307, 0.015747951241495625, 0.013093490455758824, 0.010840578375365341, 0.008932532026569356, 0.007321498536214969, 0.005966893942624463, 0.004833861725011157, 0.003891992961429308, 0.0031143933440612452, 0.0024770770451611568, 0.0019586130305537792, 0.0015399339447675561, 0.0012042265390239952, 0.0009368431942363385, 0.0007251974584084669, 0.0005586272689582224, 0.00042822504827559675, 0.00032664346699354, 0.00024788991784548576, 0.00018712287761977513, 0.0001404608664792656, 0.00010481108413952701, 7.772114257853722e-05, 5.725432933360884e-05, 4.188681087991553e-05, 3.0424094379220397e-05, 2.193370488889642e-05, 1.569114798555523e-05, 1.1136586878544509e-05, 7.840103694890818e-06, 5.473838653187949e-06, 3.789662063022143e-06, 2.601320886144378e-06, 1.7702203211479918e-06, 1.1941649153051835e-06, 7.985076443014956e-07, 5.292513084468131e-07, 3.4772264634288297e-07, 2.2650340824610674e-07, 1.4635553363560462e-07, 9.392406157308785e-08], "_errors_up": null, "_errors_down": null, "_metadata": {}}