{"_counts": [4.695341107721766e-10, 1.2062130276732602e-06, 1.1625930266725185e-06, 6.1180581403621186e-06, 1.6267670373217226e-05, 3.5081350804845695e-05, 7.126080163488428e-05, 0.00014006410321338794, 0.0002663403061104502, 0.0004867473111670864, 0.0008469000194298057, 0.0013941420319847776, 0.002169081049763635, 0.0031985140733811613, 0.004491138103036887, 0.006036423138489226, 0.007806509179099011, 0.009760480223927536, 0.011849800271861274, 0.014024110321744871, 0.01623639037249959, 0.018445930423191446, 0.020619560473059444, 0.022732210521528424, 0.024765540568177622, 0.026704940612671858, 0.028536620654694745, 0.030245380693897574, 0.03181323072986761, 0.03321895076211801, 0.03443884079010505, 0.03544800081325747, 0.03622242083102442, 0.036741060842923196, 0.036987700848581676, 0.036952240847768145, 0.03663157084041125, 0.036029860826606655, 0.035158570806617294, 0.03403612078086574, 0.03268680074990928, 0.031139360714407503, 0.02942582067509501, 0.027579990632747485, 0.02563551058813671, 0.023624970542010362, 0.021580030495094805, 0.019531430448095275, 0.01750863040168766, 0.015539340356507683, 0.013649050313140145, 0.011860350272103314, 0.010192460233838137, 0.008660705198696203, 0.007275915166925983, 0.006043917138661156, 0.004965276113914687, 0.0040356110925860635, 0.003246373074479155, 0.0025859320593271417, 0.002040746046819339, 0.0015964020366250806, 0.0012384980284139515, 0.0009533139218711817, 0.000728288516708589, 0.0005523060126711516, 0.00041580050953940597, 0.00031073020712885514, 0.0002304612052873023, 0.00016960120389103596, 0.00012381610284062199, 8.965310205684533e-05, 6.43808714770431e-05, 4.5853021051972214e-05, 3.2394900743212434e-05, 2.271048052102989e-05, 1.5806220362630515e-05, 1.0928600250726857e-05, 7.512748172359468e-06, 5.140304117930225e-06, 3.5052540804184724e-06, 2.3864370547502743e-06, 1.6258590373008908e-06, 1.1118650255087034e-06, 7.66327217581283e-07, 5.35069412275705e-07, 3.8083180873714477e-07, 2.781785063820453e-07, 2.0986610481480405e-07, 1.642811037689808e-07, 1.312835030119411e-07, 1.0813260248080695e-07, 9.141993209738043e-08, 7.890983181037036e-08, 6.914680158638434e-08, 6.119019140384166e-08, 5.443693124890656e-08, 4.850360111278253e-08, 4.3148600989926694e-08, 3.822112087687913e-08], "_edges": [0.0, 1.0, 2.0, 3.0, 4.0, 5.0, 6.0, 7.0, 8.0, 9.0, 10.0, 11.0, 12.0, 13.0, 14.0, 15.0, 16.0, 17.0, 18.0, 19.0, 20.0, 21.0, 22.0, 23.0, 24.0, 25.0, 26.0, 27.0, 28.0, 29.0, 30.0, 31.0, 32.0, 33.0, 34.0, 35.0, 36.0, 37.0, 38.0, 39.0, 40.0, 41.0, 42.0, 43.0, 44.0, 45.0, 46.0, 47.0, 48.0, 49.0, 50.0, 51.0, 52.0, 53.0, 54.0, 55.0, 56.0, 57.0, 58.0, 59.0, 60.0, 61.0, 62.0, 63.0, 64.0, 65.0, 66.0, 67.0, 68.0, 69.0, 70.0, 71.0, 72.0, 73.0, 74.0, 75.0, 76.0, 77.0, 78.0, 79.0, 80.0, 81.0, 82.0, 83.0, 84.0, 85.0, 86.0, 87.0, 88.0, 89.0, 90.0, 91.0, 92.0, 93.0, 94.0, 95.0, 96.0, 97.0, 98.0, 99.0, 100.0], "_errors": [2.1668735790815683e-05, 0.0010982772999899707, 0.0010782360718657666, 0.0024734708691153246, 0.0040333200186964124, 0.005922951190483144, 0.008441611317449074, 0.011834868111364315, 0.016319935848846043, 0.022062350535858286, 0.029101546684494377, 0.037338211419198665, 0.046573394226356694, 0.056555407110029376, 0.06701595409331189, 0.07769442154034759, 0.08835445194838239, 0.09879514271424247, 0.10885678789979647, 0.11842343653916175, 0.127422095307288, 0.13581579592665738, 0.14359512691264786, 0.150772048210298, 0.15737071064266572, 0.16341646371364135, 0.16892785636091742, 0.1739119912309027, 0.17836263826784915, 0.18226066707361194, 0.1855770481231584, 0.1882763947319405, 0.19032188741977213, 0.19167957857560933, 0.1923218678376998, 0.19222965652512658, 0.19139375862449445, 0.1898153334865407, 0.18750618871551225, 0.18448880936486567, 0.18079491350673912, 0.1764634826654158, 0.17153956008773896, 0.16607224522101063, 0.16011093213187133, 0.15370416566251666, 0.14690143122207763, 0.13975489418297762, 0.13232018138472929, 0.12465689052959601, 0.11682915010022175, 0.10890523528326503, 0.10095771507833434, 0.0930629098980695, 0.08529897518098317, 0.07774263398329874, 0.07046471538234357, 0.06352645978319635, 0.05697695213399147, 0.05085206052194091, 0.04517461728470247, 0.03995500014547717, 0.035192300697936066, 0.03087578212565929, 0.026986821167165817, 0.023501191728743282, 0.020391187055672017, 0.01762754115379837, 0.015180948761105225, 0.013023102698321777, 0.011127268435722308, 0.009468532201816992, 0.008023769156515103, 0.006771485882136373, 0.0056916518466269906, 0.004765551439343603, 0.003975703756900219, 0.0033058433493931404, 0.0027409392865146553, 0.0022672238790931577, 0.0018722323788511062, 0.0015448097147384445, 0.0012750917760306082, 0.0010544501057464517, 0.0008754011752226992, 0.0007314843896322771, 0.0006171157174607893, 0.0005274263042189357, 0.00045811145457716295, 0.00040531605417128597, 0.00036233065425373697, 0.00032883522086419963, 0.00030235729211874554, 0.0002809089386444838, 0.0002629577943062048, 0.00024736651229267405, 0.00023331723307314136, 0.00022023533120910124, 0.00020772241330662105, 0.00019550222729390867], "_errors_up": null, "_errors_down": null, "_metadata": {}}