{"_counts": [6.51686528722707e-06, 2.8891883384651143e-05, 6.327013514806573e-05, 8.792012511940787e-05, 0.00011260890847244182, 0.00015786069801602054, 0.00016205402073434506, 0.00018439006591646262, 0.0003223899557723455, 0.0007822659481045372, 0.001539093510915547, 0.002768746348694484, 0.004143816205846225, 0.005976809167972776, 0.008561230528404747, 0.012200467437874295, 0.016718182928994366, 0.02134381614491549, 0.025629900607777648, 0.029394013457418575, 0.032422946178021786, 0.03471479313180608, 0.03647906468243799, 0.03800110040848581, 0.03943424626498404, 0.040600468403966146, 0.04122861460398745, 0.04116525597094236, 0.04039741028842629, 0.03903020517589177, 0.03718455015531604, 0.03493139916984606, 0.032364771857412475, 0.029658789359232503, 0.02700379706244191, 0.02452703114823488, 0.022300622982985543, 0.020400065214496915, 0.01892793652610632, 0.01798547797090681, 0.017627676498185665, 0.017830138094380544, 0.018468468469741633, 0.019312295794537283, 0.020045513999696066, 0.02032790276517246, 0.01988866690925127, 0.018605195273046576, 0.016552495799612734, 0.01397780019724949, 0.011205703820415292, 0.008547311293107051, 0.006226907207084651, 0.004354058492790861, 0.0029381897196364103, 0.0019243723249703529, 0.0012300043230641527, 0.0007711589745792446, 0.0004764422223377157, 0.00029130494743693944, 0.00017697141519149647, 0.00010724834257317427, 6.508903899416299e-05, 3.970779923508889e-05, 2.442913720091342e-05, 1.5193138334761755e-05, 9.563780896442263e-06, 6.093019500611182e-06, 3.924053247448317e-06, 2.5495261156173687e-06, 1.6670545310740305e-06, 1.094274592623671e-06, 7.194365753800723e-07, 4.728105401965049e-07, 3.100947199087914e-07, 2.0268846519333385e-07, 1.3188999545020027e-07, 8.535795993619054e-08, 5.490174771524287e-08, 3.5070584407145765e-08, 2.2235828083149406e-08, 1.398568845586229e-08, 8.722196553145021e-09, 5.391293519600567e-09, 3.301563496436308e-09, 2.0024417277810045e-09, 1.2025017466565762e-09, 7.14801825936433e-10, 4.20497088670706e-10, 2.4475641965725256e-10, 1.4093753745485406e-10, 8.027462195110841e-11, 4.522043104664936e-11, 2.5191197792369526e-11, 1.3876481209881334e-11, 7.557704427037633e-12, 4.069566177810681e-12, 2.1663317595928393e-12, 1.1399719733937376e-12], "_edges": [0.0, 1.0, 2.0, 3.0, 4.0, 5.0, 6.0, 7.0, 8.0, 9.0, 10.0, 11.0, 12.0, 13.0, 14.0, 15.0, 16.0, 17.0, 18.0, 19.0, 20.0, 21.0, 22.0, 23.0, 24.0, 25.0, 26.0, 27.0, 28.0, 29.0, 30.0, 31.0, 32.0, 33.0, 34.0, 35.0, 36.0, 37.0, 38.0, 39.0, 40.0, 41.0, 42.0, 43.0, 44.0, 45.0, 46.0, 47.0, 48.0, 49.0, 50.0, 51.0, 52.0, 53.0, 54.0, 55.0, 56.0, 57.0, 58.0, 59.0, 60.0, 61.0, 62.0, 63.0, 64.0, 65.0, 66.0, 67.0, 68.0, 69.0, 70.0, 71.0, 72.0, 73.0, 74.0, 75.0, 76.0, 77.0, 78.0, 79.0, 80.0, 81.0, 82.0, 83.0, 84.0, 85.0, 86.0, 87.0, 88.0, 89.0, 90.0, 91.0, 92.0, 93.0, 94.0, 95.0, 96.0, 97.0, 98.0, 99.0], "_errors": [0.0025528151690294913, 0.005375117057762662, 0.007954252645476239, 0.009376573207702688, 0.010611734470502069, 0.01256426273268832, 0.01273004401934043, 0.013579030374679285, 0.017955220850001972, 0.02796901764639826, 0.03923128230016892, 0.05261887825385946, 0.06437248019026628, 0.0773098258177625, 0.0925269178585602, 0.11045572614343856, 0.1292988125583308, 0.14609522971307273, 0.16009341213109815, 0.17144682399338454, 0.18006372810208554, 0.18631906271717363, 0.19099493365646636, 0.19493870936395832, 0.19858057877089602, 0.20149557911767232, 0.20304830608499902, 0.20289222747789615, 0.20099107017085682, 0.19756063670653567, 0.19283295920385612, 0.1868994359805456, 0.17990211743448845, 0.17221727369585346, 0.1643283209384247, 0.15661108245662209, 0.1493339311174307, 0.14282879686707758, 0.13757883749365787, 0.1341099473227352, 0.13276926036619194, 0.1335295401564034, 0.13589874344430722, 0.1389686863812754, 0.14158218108115184, 0.142575954372301, 0.14102718500080497, 0.1364008624351275, 0.12865650313766783, 0.11822774715458927, 0.10585699703097237, 0.09245167003957826, 0.07891075469848613, 0.06598528997277242, 0.05420507097713654, 0.043867668332957396, 0.0350714174658532, 0.02776974927109074, 0.02182755649031095, 0.017067657936487346, 0.0133030603693848, 0.01035607756697362, 0.008067777822558266, 0.00630141247936436, 0.0049425840610872185, 0.003897837648589504, 0.0030925363209576475, 0.0024684042417341574, 0.001980922322416585, 0.0015967235564171302, 0.0012911446592361487, 0.001046075806346591, 0.0008481960713066716, 0.0006876122018961741, 0.0005568614907755711, 0.0004502093570699457, 0.0003631666221587555, 0.0002921608460012918, 0.00023431121978096327, 0.0001872714190877662, 0.0001491168269617799, 0.00011826110288620807, 9.339270074874706e-05, 7.34254282902086e-05, 5.7459233343617696e-05, 4.474865056938594e-05, 3.467710695338606e-05, 2.6735778012551513e-05, 2.0506025667366798e-05, 1.5644693018952227e-05, 1.1871711648067183e-05, 8.959610591488249e-06, 6.724613821376612e-06, 5.019083361767319e-06, 3.725114925727975e-06, 2.7491279393723446e-06, 2.017316578480106e-06, 1.4718463777150248e-06, 1.0676947004615775e-06], "_errors_up": null, "_errors_down": null, "_metadata": {}}