{"_counts": [6.230066772157433e-06, 2.61037471026981e-05, 4.8433661619904176e-05, 9.096340650546106e-05, 9.763862075822887e-05, 0.00014149966225117283, 0.0001553111282019122, 0.00016450330229810962, 0.00022274932946596106, 0.000525356477012611, 0.0010520831161217124, 0.0019897326495320984, 0.0031657262884856384, 0.004539501847140798, 0.0064152452851871855, 0.00903408796503369, 0.012603398322267624, 0.01679975059484882, 0.020973115510846605, 0.024824821016754376, 0.028206423004275966, 0.030940852101124544, 0.03303442883531044, 0.03466039507745684, 0.0360557504990294, 0.037377136299466866, 0.03851091617426892, 0.039223282541179995, 0.039358494178423874, 0.03887141445585502, 0.03782306405288741, 0.03632196521326982, 0.03444284981238037, 0.03224189898779392, 0.02982907382284606, 0.02736583302252215, 0.02499494549860597, 0.022801465135551237, 0.02084027730089927, 0.01917936969860566, 0.01790666579157668, 0.017103051644860593, 0.016808634918556973, 0.016999076757648782, 0.01757051549558445, 0.01833505076715303, 0.019034702954678656, 0.019385356646487037, 0.019146005788891304, 0.018184068724174798, 0.016515221637606027, 0.014309085822089706, 0.011821183819166846, 0.009323347239137723, 0.007039572538357471, 0.005108085600871321, 0.0035783316213198932, 0.002431820345268556, 0.0016111555495498375, 0.0010455090973362298, 0.0006673809024397038, 0.0004207082263148951, 0.00026286152719605784, 0.0001633503024501985, 0.00010130859279769632, 6.291850087900808e-05, 3.925765311622254e-05, 2.4678832254805328e-05, 1.5664692023204367e-05, 1.00519054120589e-05, 6.521900886210364e-06, 4.275012292103038e-06, 2.8264803969076792e-06, 1.8811162257962402e-06, 1.2574833257869902e-06, 8.425624814375508e-07, 5.648202085448319e-07, 3.7821752881714284e-07, 2.526551232203096e-07, 1.6819046767777962e-07, 1.1147377972192376e-07, 7.350446861296782e-08, 4.818823807705378e-08, 3.139101649934763e-08, 2.0308808423124908e-08, 1.3043031667484179e-08, 8.312047903766955e-09, 5.254261534407917e-09, 3.2934080275918545e-09, 2.046359045231952e-09, 1.2601082886165222e-09, 7.688201366994691e-10, 4.646715518623545e-10, 2.781612389528169e-10, 1.6489628048659036e-10, 9.679030563280616e-11, 5.6248373145243265e-11, 3.2359496603606765e-11, 1.842761334855738e-11], "_edges": [0.0, 1.0, 2.0, 3.0, 4.0, 5.0, 6.0, 7.0, 8.0, 9.0, 10.0, 11.0, 12.0, 13.0, 14.0, 15.0, 16.0, 17.0, 18.0, 19.0, 20.0, 21.0, 22.0, 23.0, 24.0, 25.0, 26.0, 27.0, 28.0, 29.0, 30.0, 31.0, 32.0, 33.0, 34.0, 35.0, 36.0, 37.0, 38.0, 39.0, 40.0, 41.0, 42.0, 43.0, 44.0, 45.0, 46.0, 47.0, 48.0, 49.0, 50.0, 51.0, 52.0, 53.0, 54.0, 55.0, 56.0, 57.0, 58.0, 59.0, 60.0, 61.0, 62.0, 63.0, 64.0, 65.0, 66.0, 67.0, 68.0, 69.0, 70.0, 71.0, 72.0, 73.0, 74.0, 75.0, 76.0, 77.0, 78.0, 79.0, 80.0, 81.0, 82.0, 83.0, 84.0, 85.0, 86.0, 87.0, 88.0, 89.0, 90.0, 91.0, 92.0, 93.0, 94.0, 95.0, 96.0, 97.0, 98.0, 99.0], "_errors": [0.0024960101706838923, 0.005109182625694457, 0.0069594296907077215, 0.009537473801036681, 0.009881225670848169, 0.01189536305671974, 0.012462388543209212, 0.012825884074718187, 0.014924789092846875, 0.022920656120901318, 0.032435830745052796, 0.04460641937582637, 0.05626478728730464, 0.06737582539116532, 0.08009522635705067, 0.09504781935969751, 0.11226485791318504, 0.12961385186332833, 0.14482097745439576, 0.15755894457870165, 0.16794767936555707, 0.17590011967342303, 0.1817537587927976, 0.18617302456977178, 0.1898835182395497, 0.19333167433058368, 0.19624198371976603, 0.19804868729981523, 0.19838975320924182, 0.19715834868413515, 0.19448152625092033, 0.19058322385055254, 0.18558784931234149, 0.17956029346098185, 0.17271095455368793, 0.1654262162491851, 0.15809789846359745, 0.15100154017608972, 0.14436161990258792, 0.13848960140965696, 0.133815790516578, 0.13077863604144446, 0.12964811961057118, 0.1303805075831843, 0.13255382112781378, 0.13540698197343087, 0.1379663109410361, 0.13923130627300398, 0.13836909260702443, 0.1348483174688316, 0.12851156227206184, 0.11962059112916014, 0.10872526762058048, 0.0965574815285575, 0.08390216051066546, 0.07147087239478277, 0.059819157644686816, 0.04931349049974617, 0.04013920215387742, 0.032334333104862854, 0.025833716388466134, 0.020511173206691397, 0.016213004878678654, 0.012780856874646493, 0.010065216977179197, 0.007932118309695594, 0.006265592798468677, 0.004967779408831005, 0.003957864578684365, 0.0031704740043184236, 0.002553801262081755, 0.0020676102853543358, 0.0016812139652369294, 0.0013715379053443038, 0.0011213756399115285, 0.0009179120227110825, 0.000751545213905878, 0.0006149939258375995, 0.000502648110729872, 0.0004101103115965016, 0.00033387689306378144, 0.00027111707547288096, 0.0002195181953211482, 0.00017717510123984022, 0.0001425089766405082, 0.00011420609295253988, 9.11704332761831e-05, 7.24862851469705e-05, 5.738822202849514e-05, 4.523670020273309e-05, 3.549800400890904e-05, 2.772760603982012e-05, 2.1556241598719256e-05, 1.6678166534509028e-05, 1.2841194667420565e-05, 9.838206423571634e-06, 7.499891542232012e-06, 5.688540814972392e-06, 4.292739608753061e-06], "_errors_up": null, "_errors_down": null, "_metadata": {}}