{"_counts": [6.034669016662169e-06, 2.2529066988689725e-05, 3.963417239494581e-05, 9.144181547253793e-05, 8.403727746232629e-05, 0.00012529989375079721, 0.00015001140181133225, 0.00015048400276673526, 0.00017930695480093028, 0.0003401492933358781, 0.0007490140824577612, 0.0013827885240711524, 0.0024006072641901827, 0.0035104204501422275, 0.0049157010698454105, 0.006827034258844629, 0.00946499607862459, 0.01292472782799796, 0.016800428575835538, 0.020576833264248973, 0.024054795157662286, 0.027107597619233408, 0.029588183506985135, 0.031508220071158284, 0.03301220432732168, 0.03429754422160486, 0.035515965597683566, 0.03660350268506675, 0.037363678346319325, 0.0376448053301472, 0.037383138756376666, 0.03660329716814577, 0.03539163340485081, 0.03382725790762146, 0.03195555992407535, 0.029839801324987394, 0.027597205196219048, 0.025364446769194943, 0.02324379053376978, 0.02129324326499054, 0.019558355181316708, 0.018100647872539687, 0.016995016460905312, 0.01630607685453382, 0.016062959665316325, 0.016242130870015505, 0.016756196841594274, 0.017450455489860846, 0.018112658865493493, 0.018504724703780662, 0.01841419107908301, 0.01770818274166163, 0.0163644905457692, 0.01449192901097695, 0.01228676139867264, 0.00997825644927414, 0.007776819615233246, 0.005834041912926476, 0.004228303892308874, 0.0029729619054937287, 0.002036606779050682, 0.0013650789485751412, 0.0008988258195899169, 0.0005835199581214415, 0.0003747651076130456, 0.00023886274375545046, 0.0001515429198951083, 9.598828410868843e-05, 6.0880933333617816e-05, 3.8775363940987157e-05, 2.4861989392331072e-05, 1.607955057001793e-05, 1.0502384409642542e-05, 6.929649110628303e-06, 4.616418360750925e-06, 3.1012005757706625e-06, 2.097251955495401e-06, 1.425110226874085e-06, 9.71205612556771e-07, 6.626636063083469e-07, 4.520059606521222e-07, 3.0783305297705804e-07, 2.0909779296562547e-07, 1.4153588148403303e-07, 9.53996240324717e-08, 6.399054020440471e-08, 4.26908325937186e-08, 2.831331856495909e-08, 1.865921910658184e-08, 1.2214351388000244e-08, 7.939001567081998e-09, 5.1219991985921486e-09, 3.2791801998194545e-09, 2.082719536537672e-09, 1.3120073174482743e-09, 8.195842106561337e-10, 5.076043018356447e-10, 3.116473630592219e-10, 1.8964814492523556e-10], "_edges": [0.0, 1.0, 2.0, 3.0, 4.0, 5.0, 6.0, 7.0, 8.0, 9.0, 10.0, 11.0, 12.0, 13.0, 14.0, 15.0, 16.0, 17.0, 18.0, 19.0, 20.0, 21.0, 22.0, 23.0, 24.0, 25.0, 26.0, 27.0, 28.0, 29.0, 30.0, 31.0, 32.0, 33.0, 34.0, 35.0, 36.0, 37.0, 38.0, 39.0, 40.0, 41.0, 42.0, 43.0, 44.0, 45.0, 46.0, 47.0, 48.0, 49.0, 50.0, 51.0, 52.0, 53.0, 54.0, 55.0, 56.0, 57.0, 58.0, 59.0, 60.0, 61.0, 62.0, 63.0, 64.0, 65.0, 66.0, 67.0, 68.0, 69.0, 70.0, 71.0, 72.0, 73.0, 74.0, 75.0, 76.0, 77.0, 78.0, 79.0, 80.0, 81.0, 82.0, 83.0, 84.0, 85.0, 86.0, 87.0, 88.0, 89.0, 90.0, 91.0, 92.0, 93.0, 94.0, 95.0, 96.0, 97.0, 98.0, 99.0], "_errors": [0.002456556332890042, 0.004746479430977208, 0.006295567678529539, 0.009562521397232945, 0.009167184816634073, 0.011193743509246458, 0.012247914182069216, 0.012267192130505467, 0.013390554686081167, 0.018443136754247583, 0.027368121646502545, 0.03718586457339875, 0.04899599232784435, 0.05924880125489652, 0.07011206080158684, 0.08262586918662114, 0.09728821140623663, 0.11368697299162275, 0.12961646722479184, 0.14344627309292135, 0.15509608363096178, 0.16464385083942068, 0.1720121609276075, 0.17750554940947139, 0.18169260944606877, 0.18519596167736718, 0.1884568003487366, 0.1913204188921474, 0.19329686584711953, 0.1940226928226366, 0.19334719743605458, 0.1913198817900162, 0.18812664193263753, 0.18392187990454387, 0.17876118125609752, 0.17274200799165035, 0.16612406567448032, 0.15926219504074074, 0.1524591438181711, 0.14592204516450055, 0.13985118941688235, 0.13453864824852257, 0.1303649357032224, 0.1276952499294074, 0.12673973199165417, 0.12744461883506697, 0.1294457293292995, 0.13210017217952763, 0.13458327855084187, 0.13603207233509554, 0.1356988985920041, 0.1330720960294142, 0.12792376849424503, 0.12038242816531386, 0.11084566477166638, 0.09989122308428373, 0.08818627793048783, 0.07638090018405436, 0.0650254095897048, 0.05452487419053554, 0.045128779941969205, 0.036946974823050684, 0.029980423939462847, 0.024156157768184937, 0.01935885088565552, 0.015455185012009738, 0.012310277003183491, 0.00979736107881548, 0.007802623490443315, 0.006226986746492011, 0.004986179839549619, 0.004009931491935733, 0.003240738250714263, 0.0026324226694488676, 0.0021485851997886714, 0.0017610225937706372, 0.0014481891987911666, 0.0011937798066955585, 0.0009854976471594292, 0.0008140415261572022, 0.0006723138855119104, 0.0005548270478059429, 0.00045727212135185483, 0.0003762125482809326, 0.00030886829560910215, 0.0002529635155598623, 0.00020661759991278235, 0.00016826561908173365, 0.0001365987522145859, 0.0001105185567585835, 8.910107500519844e-05, 7.156814374141717e-05, 5.7264126639803515e-05, 4.563682215643056e-05, 3.6221641562031315e-05, 2.8628381209145127e-05, 2.2530075495560256e-05, 1.7653536842775216e-05, 1.3771279712693209e-05], "_errors_up": null, "_errors_down": null, "_metadata": {}}