{"_counts": [3.3959749998757616e-05, 6.636883881583344e-06, 1.3953361303720158e-05, 3.649630889412947e-05, 6.0087215388193727e-05, 9.339326061308384e-05, 0.00012059152504662052, 0.0001286945480387658, 0.00036169722443446517, 0.00036179684684611857, 0.0007024749065749347, 0.0013376605929806828, 0.0023781706113368273, 0.003898255992680788, 0.0059454673901200294, 0.008568258956074715, 0.01166273932904005, 0.014879334717988968, 0.017989736050367355, 0.020872388035058975, 0.023256417363882065, 0.024982644245028496, 0.026224585250020027, 0.02727046236395836, 0.028330110013484955, 0.02940061315894127, 0.030302682891488075, 0.030969243496656418, 0.03088180534541607, 0.031056679785251617, 0.030969243496656418, 0.031056679785251617, 0.031056679785251617, 0.031056679785251617, 0.03076964244246483, 0.03001033328473568, 0.028835536912083626, 0.02732333168387413, 0.02643435262143612, 0.025545375421643257, 0.023587727919220924, 0.021562758833169937, 0.019582556560635567, 0.017729630693793297, 0.01605607382953167, 0.014602200128138065, 0.01340806856751442, 0.012958698906004429, 0.012509329244494438, 0.012436074204742908, 0.012354710139334202, 0.012395392172038555, 0.012436074204742908, 0.012436074204742908, 0.012354710139334202, 0.012436074204742908, 0.012338759377598763, 0.012241445481777191, 0.011705203913152218, 0.010818710550665855, 0.009639855474233627, 0.008272100239992142, 0.006837700959295034, 0.005452376790344715, 0.0042045689187943935, 0.003675135551020503, 0.003145702416077256, 0.0022917978931218386, 0.0016322145238518715, 0.001140653039328754, 0.0007848383393138647, 0.0005332041182555258, 0.0003584740334190428, 0.00023888111172709614, 0.00019842549227178097, 0.00015796988736838102, 0.0001037564652506262, 6.773661880288273e-05, 4.398504825076088e-05, 2.842980575223919e-05, 1.8304173863725737e-05, 1.1747354619728867e-05, 7.5198272497800644e-06, 6.161601049825549e-06, 4.803374849871034e-06, 3.0623548354924424e-06, 1.948634007931105e-06, 1.2372679520922247e-06, 7.835380984033691e-07, 4.946020908391802e-07, 3.1098949193619774e-07, 1.9462848399598442e-07, 1.5788857865572936e-07, 1.211486733154743e-07, 7.495189180417583e-08, 4.60604461238745e-08, 2.8100888727067286e-08, 1.7012148134654126e-08, 1.0215989831863226e-08], "_edges": [0.0, 1.0, 2.0, 3.0, 4.0, 5.0, 6.0, 7.0, 8.0, 9.0, 10.0, 11.0, 12.0, 13.0, 14.0, 15.0, 16.0, 17.0, 18.0, 19.0, 20.0, 21.0, 22.0, 23.0, 24.0, 25.0, 26.0, 27.0, 28.0, 29.0, 30.0, 31.0, 32.0, 33.0, 34.0, 35.0, 36.0, 37.0, 38.0, 39.0, 40.0, 41.0, 42.0, 43.0, 44.0, 45.0, 46.0, 47.0, 48.0, 49.0, 50.0, 51.0, 52.0, 53.0, 54.0, 55.0, 56.0, 57.0, 58.0, 59.0, 60.0, 61.0, 62.0, 63.0, 64.0, 65.0, 66.0, 67.0, 68.0, 69.0, 70.0, 71.0, 72.0, 73.0, 74.0, 75.0, 76.0, 77.0, 78.0, 79.0, 80.0, 81.0, 82.0, 83.0, 84.0, 85.0, 86.0, 87.0, 88.0, 89.0, 90.0, 91.0, 92.0, 93.0, 94.0, 95.0, 96.0, 97.0, 98.0, 99.0], "_errors": [0.005827499463642843, 0.0025762150301524415, 0.003735419829647018, 0.006041217500978546, 0.007751594377171301, 0.009664018864483028, 0.01098141726038222, 0.011344361949389916, 0.019018339160780186, 0.01902095809485207, 0.026504243180572706, 0.0365740426119493, 0.04876649066046097, 0.062436015188997995, 0.07710685695915785, 0.09256489051511223, 0.10799416340265824, 0.12198087849326618, 0.1341258217136706, 0.14447279340782115, 0.15250054873305233, 0.15805898976340604, 0.16194006684579337, 0.16513770727474195, 0.16831550734702064, 0.17146606999328254, 0.17407665808915357, 0.1759808043414293, 0.175732197805115, 0.17622905488384036, 0.1759808043414293, 0.17622905488384036, 0.17622905488384036, 0.17622905488384036, 0.17541277730674248, 0.17323490781229883, 0.16981029683762885, 0.16529770622689877, 0.162586446610522, 0.15982920703564557, 0.15358296754269637, 0.14684263288694444, 0.13993768813523955, 0.13315265935681983, 0.12671256381879292, 0.12083956358799905, 0.11579321468684778, 0.11383628114974781, 0.11184511274300026, 0.11151714758162938, 0.11115174375300732, 0.11133459557585214, 0.11151714758162938, 0.11151714758162938, 0.11115174375300732, 0.11151714758162938, 0.11107996839033923, 0.11064106598265036, 0.10819059068677006, 0.10401303067724667, 0.09818276566808264, 0.09095108707427384, 0.08269039218249623, 0.07384021120192381, 0.0648426473765098, 0.060622896260575536, 0.05608656181365779, 0.047872725983819205, 0.04040067479451143, 0.03377355532556136, 0.028014966345042514, 0.02309121300961744, 0.01893341050680101, 0.015455779233901347, 0.014086358375101103, 0.012568607216727756, 0.010186091755458824, 0.008230225926600237, 0.006632122454445551, 0.005331960779323043, 0.00427833774540133, 0.003427441410108839, 0.0027422303422178205, 0.0024822572489219463, 0.0021916602952718367, 0.001749958523934908, 0.0013959348150723602, 0.0011123254703962436, 0.0008851768740784912, 0.0007032795253945477, 0.0005576643183279685, 0.00044116718372515473, 0.0003973519581626966, 0.00034806417987990994, 0.00027377343151623724, 0.00021461697538609217, 0.00016763319697204155, 0.00013043062575428412, 0.00010107417984759128], "_errors_up": null, "_errors_down": null, "_metadata": {}}