{"_counts": [4.233047664866082e-06, 1.2726729553475262e-05, 4.8636433904319775e-05, 0.00011442065467094437, 0.0002032255649085152, 0.0003167034119109641, 0.0004681041189030382, 0.0006815512486490594, 0.0009649908959661624, 0.0013426850876086147, 0.0018808110335042398, 0.002644314573381112, 0.0036853893316002684, 0.005042054229692378, 0.006745518184300096, 0.008826571105898304, 0.01130009465547934, 0.01414043111031698, 0.017259260224941494, 0.020497211258470333, 0.023641404778526096, 0.02647703259583986, 0.02885625333936, 0.030745694944584064, 0.03221815083092762, 0.03340005656600431, 0.03441658907937958, 0.035357830220224595, 0.03626707394081277, 0.037146304560785104, 0.037967849212288275, 0.038687974117084294, 0.03925684393376095, 0.039622327648585406, 0.03972879348386405, 0.03951672569127858, 0.03892448960638786, 0.037896406635513157, 0.03639413253710379, 0.034408822421164935, 0.0319695871933809, 0.02914536713696894, 0.026039700629862664, 0.022779473250446623, 0.019500167991087065, 0.016331207619665715, 0.013382482029541747, 0.010735163171986873, 0.008437714694358667, 0.0065063370837486565, 0.004929893457681511, 0.0036773735257795118, 0.002705928701711932, 0.001968186143096408, 0.0014178146596852685, 0.0010131730047413603, 0.0007190767770423028, 0.0005071898737497005, 0.00035555092944928706, 0.0002476159415433427, 0.00017117582910476835, 0.00011733764209929063, 7.966770330133946e-05, 5.352215652401592e-05, 3.5549266933361145e-05, 2.3330428494870718e-05, 1.512441325458575e-05, 9.684595414086285e-06, 6.126517233120857e-06, 3.83029262328838e-06, 2.3677665816110943e-06, 1.4479418015200334e-06, 8.763317353499685e-07, 5.251063604502635e-07, 3.115867619506467e-07, 1.830960056889223e-07, 1.0653264010096595e-07, 6.135535372241593e-08, 3.4961375615528654e-08, 1.9699056404574846e-08, 1.0968548599900241e-08, 6.031329989552596e-09, 3.2730406641324295e-09, 1.751819390870619e-09, 9.242087091192859e-10, 4.803510332017434e-10, 2.4583526025596435e-10, 1.238337304994413e-10, 6.137314107250126e-11, 2.9917046841993194e-11, 1.4339556047797583e-11, 6.756512635458001e-12, 3.128883414834896e-12, 1.4238470908616153e-12, 6.366384927661671e-13, 2.79678201498444e-13, 1.2072596617083247e-13, 5.1225265740858454e-14, 2.1387155768632847e-14, 0.0], "_edges": [0.0, 1.0, 2.0, 3.0, 4.0, 5.0, 6.0, 7.0, 8.0, 9.0, 10.0, 11.0, 12.0, 13.0, 14.0, 15.0, 16.0, 17.0, 18.0, 19.0, 20.0, 21.0, 22.0, 23.0, 24.0, 25.0, 26.0, 27.0, 28.0, 29.0, 30.0, 31.0, 32.0, 33.0, 34.0, 35.0, 36.0, 37.0, 38.0, 39.0, 40.0, 41.0, 42.0, 43.0, 44.0, 45.0, 46.0, 47.0, 48.0, 49.0, 50.0, 51.0, 52.0, 53.0, 54.0, 55.0, 56.0, 57.0, 58.0, 59.0, 60.0, 61.0, 62.0, 63.0, 64.0, 65.0, 66.0, 67.0, 68.0, 69.0, 70.0, 71.0, 72.0, 73.0, 74.0, 75.0, 76.0, 77.0, 78.0, 79.0, 80.0, 81.0, 82.0, 83.0, 84.0, 85.0, 86.0, 87.0, 88.0, 89.0, 90.0, 91.0, 92.0, 93.0, 94.0, 95.0, 96.0, 97.0, 98.0, 99.0, 100.0], "_errors": [0.002057437159396632, 0.0035674542118260275, 0.006973982642960891, 0.010696759073240098, 0.014255720427551712, 0.017796162842336663, 0.021635713967952115, 0.02610653651193623, 0.031064302599063162, 0.03664266758314158, 0.04336831831538133, 0.0514228993093652, 0.06070740755130521, 0.07100742376464857, 0.08213110363498165, 0.09394983292107711, 0.10630190334833775, 0.11891354468821867, 0.13137450370959158, 0.14316847159367993, 0.15375761697726098, 0.16271764684827475, 0.1698712846226813, 0.17534450360528575, 0.17949415263714755, 0.18275682358260747, 0.18551708568048275, 0.18803677890302364, 0.1904391607333239, 0.19273376601100572, 0.19485340441544324, 0.19669258785496796, 0.1981333993393364, 0.1990535798436828, 0.1993208305317436, 0.19878814273310816, 0.1972929030816564, 0.19466999418378056, 0.19077246273271148, 0.18549615203870115, 0.17880041161412605, 0.17072014273942293, 0.16136821443475993, 0.1509287025401286, 0.1396430019409747, 0.12779361337588713, 0.11568267817414044, 0.1036106325238239, 0.09185703399500045, 0.08066186883372252, 0.07021320002450758, 0.06064135161570454, 0.05201854190297852, 0.04436424397075203, 0.03765387974280032, 0.0318303786458999, 0.026815606967628063, 0.022520876398348724, 0.018856058163075524, 0.015735817155246266, 0.013083418097147562, 0.010832250094015122, 0.008925676629888597, 0.007315883851184074, 0.005962320599679385, 0.004830158226690997, 0.00388901186094691, 0.003112008260607013, 0.002475180242552218, 0.0019571133394079097, 0.001538754880288311, 0.0012033045339896436, 0.0009361259185333822, 0.0007246422292761191, 0.000558199571793679, 0.00042789719055974447, 0.00032639338244052366, 0.000247700128628178, 0.00018697961283393614, 0.0001403533270164083, 0.00010473083881980628, 7.766163782429905e-05, 5.721049435315543e-05, 4.185474155780464e-05, 3.0400801126274386e-05, 2.1916912036182093e-05, 1.5679134550604647e-05, 1.1128060500349614e-05, 7.834101165577405e-06, 5.4696477804327765e-06, 3.786760627211282e-06, 2.5993292664566375e-06, 1.768865007521743e-06, 1.1932506404195286e-06, 7.978962919867262e-07, 5.288461037943306e-07, 3.4745642341282523e-07, 2.2632999302093936e-07, 1.4624348111499824e-07, 0.0], "_errors_up": null, "_errors_down": null, "_metadata": {}}