{"_counts": [6.540081260504444e-06, 2.2938301435001027e-05, 6.322230793688167e-05, 8.557956605817523e-05, 0.0001225922000178047, 0.00016421370236107674, 0.00019173782589238455, 0.0003530715947233347, 0.0009657347497952232, 0.0021554389189424148, 0.004846123575022138, 0.009861992721624071, 0.01650833589642747, 0.024005774547494352, 0.03216605102455082, 0.04078176456693606, 0.048184442669043065, 0.05323949155732447, 0.056121941578625274, 0.05755730912960333, 0.05841195507017405, 0.05885869902268682, 0.05830784497486113, 0.056491034668137, 0.05375870342840186, 0.05044448113363762, 0.04667220542669136, 0.04257466409520439, 0.03832867621362803, 0.03405739269635349, 0.0298202183449913, 0.02567054088886622, 0.02169219679636782, 0.017985930686426285, 0.014637770532365087, 0.011697983190472222, 0.009177742446576499, 0.007058461972527265, 0.005306387938208937, 0.003884409804927433, 0.0027571504032296973, 0.0018901250611161188, 0.001247234143944393, 0.0007900635861561843, 0.0004794562310613286, 0.0002783304533321412, 0.00015440537163989465, 8.181452654776988e-05, 4.141013442342908e-05, 2.004349972634021e-05, 9.306913375132803e-06, 4.177853376383762e-06, 1.8460572220975867e-06, 8.35039898398817e-07, 4.149800271331421e-07, 2.458287891479043e-07, 1.77914181285362e-07, 1.4884634671605144e-07, 1.3392427181069206e-07, 1.238390202868545e-07, 1.1525979954938029e-07, 1.0707907519520769e-07, 9.898634437425451e-08, 9.09466598106286e-08, 8.301447820453437e-08, 7.526764584957855e-08, 6.778370210094524e-08, 6.063117154421837e-08, 5.386637610136036e-08, 4.753247428567898e-08, 4.165954868085664e-08, 3.6265283428007795e-08, 3.135601878313632e-08, 2.6928054260886977e-08, 2.296910350476392e-08], "_edges": [0.0, 1.0, 2.0, 3.0, 4.0, 5.0, 6.0, 7.0, 8.0, 9.0, 10.0, 11.0, 12.0, 13.0, 14.0, 15.0, 16.0, 17.0, 18.0, 19.0, 20.0, 21.0, 22.0, 23.0, 24.0, 25.0, 26.0, 27.0, 28.0, 29.0, 30.0, 31.0, 32.0, 33.0, 34.0, 35.0, 36.0, 37.0, 38.0, 39.0, 40.0, 41.0, 42.0, 43.0, 44.0, 45.0, 46.0, 47.0, 48.0, 49.0, 50.0, 51.0, 52.0, 53.0, 54.0, 55.0, 56.0, 57.0, 58.0, 59.0, 60.0, 61.0, 62.0, 63.0, 64.0, 65.0, 66.0, 67.0, 68.0, 69.0, 70.0, 71.0, 72.0, 73.0, 74.0, 75.0], "_errors": [0.002557358258145394, 0.004789394683569211, 0.007951245684600726, 0.009250922443636376, 0.011072136199388296, 0.012814589433964583, 0.013846942835600375, 0.01879019943277172, 0.031076273100151878, 0.046426704803834776, 0.06961410471321267, 0.0993075662858781, 0.12848476912236512, 0.1549379699992689, 0.17934896438103795, 0.20194495429927448, 0.2195095502911959, 0.230736844819644, 0.2369006998272172, 0.2399110442009774, 0.24168565342232057, 0.24260811821265754, 0.24147017408959875, 0.23767842701460518, 0.23185923192403157, 0.2245984887162815, 0.21603750930496157, 0.20633628884712546, 0.19577710850257246, 0.18454645132419503, 0.17268531595069483, 0.16022028863057955, 0.1472827104461614, 0.13411163516424027, 0.12098665435644168, 0.10815721515679026, 0.09580053468836434, 0.08401465332028256, 0.07284495822092932, 0.062325033533303716, 0.052508574568633046, 0.04347556855425951, 0.03531620228654821, 0.028108069769306184, 0.021896489012198476, 0.01668323869433454, 0.012425995800735435, 0.009045138282401761, 0.006435070661883137, 0.004476996730659987, 0.00305072341832766, 0.0020439797886436556, 0.0013586968838183102, 0.000913805175296582, 0.0006441894341986231, 0.0004958112434666083, 0.0004217987450021183, 0.0003858060998948195, 0.0003659566529121886, 0.0003519076871664706, 0.0003394993365963773, 0.00032722939231555543, 0.000314620953488884, 0.0003015736391175936, 0.0002881223320128698, 0.00027434949580704273, 0.00026035303359274545, 0.0002462339772334809, 0.00023209130983593582, 0.00021801943556866432, 0.00020410670905400598, 0.00019043445966528168, 0.00017707630779733444, 0.00016409769730525465, 0.00015155561192105], "_errors_up": null, "_errors_down": null, "_metadata": {}}