{"_counts": [1.786530265235342e-05, 2.5660201572463848e-05, 5.278570461086929e-05, 8.889540913514793e-05, 0.0001093620085157454, 0.0001409730175510049, 0.00024099800793919712, 0.0007120900554582477, 0.0013012101408094168, 0.002452550223097205, 0.005025890655815601, 0.009195340797305107, 0.014669700525701046, 0.02041260153055191, 0.026758601889014244, 0.03376970440149307, 0.0401478037238121, 0.04501590505242348, 0.04905770346522331, 0.05248550325632095, 0.054815903306007385, 0.05599370226264, 0.0554468035697937, 0.05376870557665825, 0.051205504685640335, 0.047671303153038025, 0.043531205505132675, 0.03931070491671562, 0.03498120233416557, 0.03074130229651928, 0.027242502197623253, 0.02371150255203247, 0.020832901820540428, 0.01824590191245079, 0.016071202233433723, 0.014249800704419613, 0.01280400063842535, 0.011571001261472702, 0.010547000914812088, 0.009594891220331192, 0.008917180821299553, 0.008292920887470245, 0.0076195006258785725, 0.00698060030117631, 0.0062025003135204315, 0.005465810652822256, 0.004841270390897989, 0.00407168036326766, 0.003376810345798731, 0.002698930213227868, 0.0021247302647680044, 0.001602080068551004, 0.0011788400588557124, 0.0008596620755270123, 0.0005690850666724145, 0.0003654310421552509, 0.00024356500944122672, 0.0001568800216773525, 9.881280857371166e-05, 6.537830631714314e-05, 3.739240491995588e-05, 2.613820106489584e-05, 2.030700125033036e-05, 1.7303202184848487e-05, 1.435000103811035e-05, 1.364860054309247e-05, 1.3555501027440187e-05, 1.3749100617133081e-05, 1.342550058325287e-05, 1.3398700502875727e-05, 1.3406101061264053e-05, 1.3421101357380394e-05, 1.3417700756690465e-05, 1.3295901226229034e-05, 1.3328701243153773e-05], "_edges": [0.0, 1.0, 2.0, 3.0, 4.0, 5.0, 6.0, 7.0, 8.0, 9.0, 10.0, 11.0, 12.0, 13.0, 14.0, 15.0, 16.0, 17.0, 18.0, 19.0, 20.0, 21.0, 22.0, 23.0, 24.0, 25.0, 26.0, 27.0, 28.0, 29.0, 30.0, 31.0, 32.0, 33.0, 34.0, 35.0, 36.0, 37.0, 38.0, 39.0, 40.0, 41.0, 42.0, 43.0, 44.0, 45.0, 46.0, 47.0, 48.0, 49.0, 50.0, 51.0, 52.0, 53.0, 54.0, 55.0, 56.0, 57.0, 58.0, 59.0, 60.0, 61.0, 62.0, 63.0, 64.0, 65.0, 66.0, 67.0, 68.0, 69.0, 70.0, 71.0, 72.0, 73.0, 74.0, 75.0], "_errors": [0.004226736643363698, 0.005065589953052245, 0.0072653771141537645, 0.009428436197755592, 0.010457629201484695, 0.011873205866614328, 0.015524110536169122, 0.026685015560389835, 0.03607229048465618, 0.04952322912631208, 0.07089351631718942, 0.09589233961743299, 0.12111853914946731, 0.14287267594103467, 0.16358056696629414, 0.18376535147163373, 0.20036916859589976, 0.2121695196120863, 0.22148973670403627, 0.22909714807548556, 0.23412796352851017, 0.23662988455104314, 0.23547144958528135, 0.23188080036229444, 0.22628633340447304, 0.2183375898764068, 0.20864133220705017, 0.19826927375848136, 0.18703262371619978, 0.17533197739294243, 0.16505302844123537, 0.15398539720386628, 0.14433607248550318, 0.13507739230696894, 0.12677224551704416, 0.11937252910288704, 0.11315476409955239, 0.10756858863754187, 0.10269859256490367, 0.09795351560986054, 0.09443082558836152, 0.091065475826299, 0.0872897509784429, 0.08354998684126952, 0.07875595414646712, 0.0739311210034195, 0.06957923821728712, 0.06380971997484129, 0.058110329080110455, 0.051951229179181775, 0.046094796504247686, 0.040025992411819145, 0.0343342403273425, 0.02931999446669478, 0.02385550390732534, 0.019116250734787166, 0.01560656943217268, 0.012525175514832216, 0.009940463197140849, 0.00808568527195705, 0.00611493294484542, 0.005112553282352746, 0.004506329021535196, 0.0041597117910798205, 0.003788139521996299, 0.0036944012428392872, 0.0036817796006062323, 0.0037079779688036284, 0.0036640825022443025, 0.0036604235414601583, 0.0036614342901742825, 0.0036634821355344964, 0.003663017984762082, 0.0036463545118692224, 0.0036508493865337385], "_errors_up": null, "_errors_down": null, "_metadata": {}}