{"_counts": [3.937291214212268e-06, 1.115248179150776e-05, 4.066974450866062e-05, 9.82922535558222e-05, 0.00017520325604722422, 0.000274107659999044, 0.0004002364801961976, 0.0005762706330816859, 0.0008120313060821435, 0.0011168119204009296, 0.0015348380152895708, 0.0021254181246542084, 0.0029363883825636494, 0.004006412328536734, 0.005362899820409829, 0.007032324271882847, 0.009038209769043064, 0.011385598346333762, 0.014041776100062563, 0.01692097222104824, 0.01988110212027305, 0.02274086790735952, 0.02532223910223953, 0.02750348706586217, 0.029255188218480756, 0.030634467182687336, 0.03174517733635748, 0.032694721300162884, 0.03356539996603393, 0.03440257484647372, 0.035216573397533195, 0.03599102613406756, 0.03669293347533692, 0.03728213997328379, 0.03771591548481242, 0.037949491604088816, 0.037934952384923504, 0.03762143061335522, 0.036958146016942035, 0.035902036928614246, 0.034426770576468, 0.03253179839399938, 0.030247709025410623, 0.02763666759689787, 0.02478765683585931, 0.02180748510632422, 0.018809407699696613, 0.015901972383818245, 0.013178595225844872, 0.010710249016327616, 0.008541979123647956, 0.006692685654345583, 0.005158240247673627, 0.003916908051001715, 0.002935477916719754, 0.002175161254216373, 0.0015963895019132583, 0.0011622462728362924, 0.0008404559356817249, 0.0006041590267864259, 0.00043188009877343116, 0.0003069775828717997, 0.00021685208939570575, 0.0001521218064154478, 0.0001058720010044441, 7.303210074161892e-05, 4.9889480842539386e-05, 3.372554348247485e-05, 2.2550122240704036e-05, 1.4909530690790765e-05, 9.747324603869419e-06, 6.301997497836576e-06, 4.030624640148781e-06, 2.551173268098931e-06, 1.5987121839349989e-06, 9.923039413448168e-07, 6.102587584076828e-07, 3.7194615429222617e-07, 2.2468995241944295e-07, 1.3452383123730162e-07, 7.980619109263868e-08, 4.6897341953634696e-08, 2.7286058947017397e-08, 1.571044723909329e-08, 8.946367617853093e-09, 5.035748102250634e-09, 2.8002206349503656e-09, 1.5374260078988276e-09, 8.33006582926645e-10, 4.4519683554576796e-10, 2.345968444614055e-10, 1.2184159388433926e-10, 6.234879942282323e-11, 3.142629730305838e-11, 1.559842049303352e-11, 7.622455486635123e-12, 3.666524671910869e-12, 1.735771165244401e-12, 8.086442325958302e-13, 0.0], "_edges": [0.0, 1.0, 2.0, 3.0, 4.0, 5.0, 6.0, 7.0, 8.0, 9.0, 10.0, 11.0, 12.0, 13.0, 14.0, 15.0, 16.0, 17.0, 18.0, 19.0, 20.0, 21.0, 22.0, 23.0, 24.0, 25.0, 26.0, 27.0, 28.0, 29.0, 30.0, 31.0, 32.0, 33.0, 34.0, 35.0, 36.0, 37.0, 38.0, 39.0, 40.0, 41.0, 42.0, 43.0, 44.0, 45.0, 46.0, 47.0, 48.0, 49.0, 50.0, 51.0, 52.0, 53.0, 54.0, 55.0, 56.0, 57.0, 58.0, 59.0, 60.0, 61.0, 62.0, 63.0, 64.0, 65.0, 66.0, 67.0, 68.0, 69.0, 70.0, 71.0, 72.0, 73.0, 74.0, 75.0, 76.0, 77.0, 78.0, 79.0, 80.0, 81.0, 82.0, 83.0, 84.0, 85.0, 86.0, 87.0, 88.0, 89.0, 90.0, 91.0, 92.0, 93.0, 94.0, 95.0, 96.0, 97.0, 98.0, 99.0, 100.0], "_errors": [0.001984260873527538, 0.00333953316969719, 0.00637728347407112, 0.009914244981632347, 0.013236436682401508, 0.01655619702706645, 0.020005911131368088, 0.024005637527082797, 0.028496163006309173, 0.03341873606827358, 0.039177008758831636, 0.04610225726202795, 0.05418845248356562, 0.0632962268112147, 0.07323182245724756, 0.08385895463146943, 0.09506949967809374, 0.10670331928451787, 0.1184980004053341, 0.13008063737946643, 0.1410003621281628, 0.15080075565911305, 0.15912962986898302, 0.16584175308366156, 0.17104148098774388, 0.175027047003277, 0.17817176357761486, 0.18081681697276636, 0.18320862415845474, 0.185479311100925, 0.18766079344800074, 0.1897130099230613, 0.19155399623953795, 0.19308583576555738, 0.19420585852340402, 0.19480629251666595, 0.19476897182283298, 0.1939624463996967, 0.1922450155841291, 0.1894783283877453, 0.18554452451222592, 0.18036573508845682, 0.17391868509568092, 0.16624279712786919, 0.15744096301744126, 0.1476735761953513, 0.13714739406819443, 0.12610302289722577, 0.11479806281399034, 0.10349033296075347, 0.09242282793578628, 0.08180883604076997, 0.07182089005069227, 0.06258520632706834, 0.05418005091101109, 0.046638624060068204, 0.039954843284804135, 0.03409173320375913, 0.028990618063120435, 0.024579646596044172, 0.0207817251154333, 0.017520775749714956, 0.01472589859382801, 0.012333766919130903, 0.010289412082546023, 0.008545882092658365, 0.007063248604044699, 0.005807369755963095, 0.004748696899224463, 0.00386128614464025, 0.003122070563563453, 0.00251037795916005, 0.0020076415616710024, 0.0015972392645120302, 0.0012644019075970262, 0.0009961445383802577, 0.000781190603123004, 0.0006098738839237389, 0.00047401471751354194, 0.00036677490540834665, 0.0002824998957391643, 0.0002165579413312629, 0.0001651849234858236, 0.0001253413229509458, 9.458523995768628e-05, 7.096300516642903e-05, 5.2917110984542284e-05, 3.9210024329230246e-05, 2.8861853421543202e-05, 2.1099688043802162e-05, 1.5316554588464257e-05, 1.1038187980114275e-05, 7.896125595684457e-06, 5.60591627685059e-06, 3.949483572954003e-06, 2.7608794770208862e-06, 1.9148171379823372e-06, 1.3174866850349574e-06, 8.992464804467295e-07, 0.0], "_errors_up": null, "_errors_down": null, "_metadata": {}}