{"_counts": [6.372634290015546e-06, 1.8061298502964732e-05, 5.9811001715212926e-05, 7.520137541071474e-05, 0.00011151017096273009, 0.0001478906290930156, 0.00017489632175273937, 0.00024763053909624273, 0.0006513477290500267, 0.0014789820883261905, 0.0031773034068899113, 0.006738626504654219, 0.01214302327668929, 0.018626339070131944, 0.025685720795913716, 0.033380283720238796, 0.041127697167156696, 0.04739326211867625, 0.05156120660580287, 0.05391768653016279, 0.05512217207484025, 0.055880958940529114, 0.056274409371436115, 0.05578621842607064, 0.05418139695136305, 0.051747186162212716, 0.04878425164785735, 0.045407232571601196, 0.04171525354825687, 0.03785646839685056, 0.03395172405959233, 0.03006273258169484, 0.026229410386723117, 0.02251083797357217, 0.018988298624805163, 0.015743106780449382, 0.012834905612573546, 0.010291507140423994, 0.008111584056332947, 0.006273895387312126, 0.004748528080096655, 0.00350464751177697, 0.002513016419371363, 0.0017447790614540258, 0.001169564642765595, 0.000755162409003298, 0.00046883781063229485, 0.00027951214698676205, 0.00015987585642637166, 8.769047170588531e-05, 4.6121460912989864e-05, 2.3278624863788363e-05, 1.1299625216334876e-05, 5.302654903582218e-06, 2.434522569600641e-06, 1.12220358287566e-06, 5.460159947586539e-07, 3.016307673815558e-07, 1.9990111190715862e-07, 1.5674111479999594e-07, 1.3654187643368823e-07, 1.2490235636050168e-07, 1.1625474616987579e-07, 1.0855269289510434e-07, 1.0110201610179156e-07, 9.371126820326005e-08, 8.636951164868955e-08, 7.912634347553894e-08, 7.204735207094975e-08, 6.519735517529236e-08, 5.863395026006747e-08, 5.24050415539691e-08, 4.6548035824750616e-08, 4.1089843691317665e-08, 3.60473396637094e-08], "_edges": [0.0, 1.0, 2.0, 3.0, 4.0, 5.0, 6.0, 7.0, 8.0, 9.0, 10.0, 11.0, 12.0, 13.0, 14.0, 15.0, 16.0, 17.0, 18.0, 19.0, 20.0, 21.0, 22.0, 23.0, 24.0, 25.0, 26.0, 27.0, 28.0, 29.0, 30.0, 31.0, 32.0, 33.0, 34.0, 35.0, 36.0, 37.0, 38.0, 39.0, 40.0, 41.0, 42.0, 43.0, 44.0, 45.0, 46.0, 47.0, 48.0, 49.0, 50.0, 51.0, 52.0, 53.0, 54.0, 55.0, 56.0, 57.0, 58.0, 59.0, 60.0, 61.0, 62.0, 63.0, 64.0, 65.0, 66.0, 67.0, 68.0, 69.0, 70.0, 71.0, 72.0, 73.0, 74.0, 75.0], "_errors": [0.00252440771073445, 0.004249858645056884, 0.007733757283184734, 0.00867187265881567, 0.010559837639032623, 0.012161029113237729, 0.013224837305341014, 0.01573628098046812, 0.02552151502262408, 0.0384575361707714, 0.05636757407313101, 0.08208913755579492, 0.11019538682126984, 0.13647834652475807, 0.16026765361704687, 0.18270271952064315, 0.20279964784771373, 0.21769993596387724, 0.22707092857916195, 0.2322018228398795, 0.23478111524319892, 0.23639153737079743, 0.23722227840452953, 0.2361910633916335, 0.2327689776395537, 0.22748007860516647, 0.22087157274728078, 0.21308972892094352, 0.2042431236253913, 0.19456738780394456, 0.18425993612175254, 0.17338607954993054, 0.16195496406940763, 0.1500361222291891, 0.13779803563478385, 0.12547153773047248, 0.11329124243547489, 0.10144706570632782, 0.09006433287563366, 0.07920792502844728, 0.06890956450375126, 0.05920006344402825, 0.05012999520617734, 0.04177055256342709, 0.03419889826830091, 0.02748021850355812, 0.021652662899336303, 0.016718616778512572, 0.01264420248281289, 0.009364319073263433, 0.006791278297418673, 0.004824792727546787, 0.0033614915166239635, 0.002302749422664615, 0.0015602956673658494, 0.0010593411078947423, 0.0007389289510897877, 0.0005492092200441975, 0.0004471030215813338, 0.00039590543668911136, 0.0003695157323223035, 0.00035341527465646087, 0.00034096150247480404, 0.0003294733568820161, 0.00031796543224349335, 0.00030612296255468985, 0.000293886902819247, 0.00028129405161776694, 0.0002684163781719546, 0.0002553377276770755, 0.00024214448220033317, 0.00022892147464571578, 0.00021574993818017797, 0.00020270629909136437, 0.0001898613695929464], "_errors_up": null, "_errors_down": null, "_metadata": {}}