{"_counts": [4.5738125746973735e-06, 1.4748898566373271e-05, 5.836584508655001e-05, 0.00013391307405742135, 0.00023712024336222472, 0.00036930903129640054, 0.0005539274728446677, 0.0008142030923083824, 0.0011601799865459531, 0.0016430190890982098, 0.0023474480797779896, 0.0033436228150080702, 0.004686066155953374, 0.006413926457813107, 0.008565434713336574, 0.011167284790367002, 0.01420435531934435, 0.017588322577323328, 0.02114142287746617, 0.02461299936673065, 0.0277420581609281, 0.030347437697380665, 0.03239124920417343, 0.03396684910603645, 0.03522882816681907, 0.03632292341518828, 0.03734621437289695, 0.03833702998047573, 0.03928532483851948, 0.040149083506389086, 0.04087165999554041, 0.04139143420219555, 0.04164349215038102, 0.04155797668824108, 0.04106084629164482, 0.04008101441050034, 0.03856448303973533, 0.036490433291645495, 0.03388420000665265, 0.0308216367744695, 0.02742363490609438, 0.023842015842643397, 0.020240202726719694, 0.016773731349552654, 0.013572627202150751, 0.010729801568988897, 0.008296561120744575, 0.006284301813856497, 0.004672057238662425, 0.00341677337346589, 0.0024638136323716715, 0.0017558640672875147, 0.0012392663260622182, 0.0008676384047270507, 0.0006031902553310734, 0.00041653889470563173, 0.0002856307174100397, 0.00019432936712037406, 0.00013102410518503815, 8.743585496929164e-05, 5.768107256949056e-05, 3.758000372511004e-05, 2.4163794767887592e-05, 1.532876920289897e-05, 9.593346140973695e-06, 5.9245814966380434e-06, 3.6121033658819463e-06, 2.1752863314880805e-06, 1.2947144564299656e-06, 7.619928991636173e-07, 4.436123392379794e-07, 2.555078666137046e-07, 1.4558952442947799e-07, 8.20473694487288e-08, 4.570976912540127e-08, 2.5159402929388322e-08, 1.3672030010856694e-08, 7.32959232187087e-09, 3.873558139616799e-09, 2.016525253258224e-09, 1.033381565594275e-09, 5.209634882873041e-10, 2.5822478733671945e-10, 1.257812338429348e-10, 6.01827041425647e-11, 2.8274926871778133e-11, 1.3039602147835799e-11, 5.901201988729534e-12, 2.6201750174820646e-12, 1.1411843068075624e-12, 4.874917346539638e-13, 2.0425014335472007e-13, 8.395266630180312e-14, 3.387595952796947e-14, 1.3444611788292807e-14, 5.272688890159895e-15, 2.0664704788219776e-15, 8.303859869388803e-16, 3.600445240119977e-16, 0.0], "_edges": [0.0, 1.0, 2.0, 3.0, 4.0, 5.0, 6.0, 7.0, 8.0, 9.0, 10.0, 11.0, 12.0, 13.0, 14.0, 15.0, 16.0, 17.0, 18.0, 19.0, 20.0, 21.0, 22.0, 23.0, 24.0, 25.0, 26.0, 27.0, 28.0, 29.0, 30.0, 31.0, 32.0, 33.0, 34.0, 35.0, 36.0, 37.0, 38.0, 39.0, 40.0, 41.0, 42.0, 43.0, 44.0, 45.0, 46.0, 47.0, 48.0, 49.0, 50.0, 51.0, 52.0, 53.0, 54.0, 55.0, 56.0, 57.0, 58.0, 59.0, 60.0, 61.0, 62.0, 63.0, 64.0, 65.0, 66.0, 67.0, 68.0, 69.0, 70.0, 71.0, 72.0, 73.0, 74.0, 75.0, 76.0, 77.0, 78.0, 79.0, 80.0, 81.0, 82.0, 83.0, 84.0, 85.0, 86.0, 87.0, 88.0, 89.0, 90.0, 91.0, 92.0, 93.0, 94.0, 95.0, 96.0, 97.0, 98.0, 99.0, 100.0], "_errors": [0.002138647370348224, 0.0038404294768128824, 0.007639754255638725, 0.011572081664826832, 0.015398709145971448, 0.019217414792224278, 0.023535663849670093, 0.028534244204260647, 0.03406141492284126, 0.04053417186890846, 0.04845047037726249, 0.057824067783303436, 0.068454847570887, 0.08008699306262601, 0.09254963378283339, 0.10567537456932434, 0.11918202599110467, 0.13262097336893336, 0.14540090397747246, 0.15688530640799556, 0.16655947334489293, 0.1742051597897739, 0.1799756905922948, 0.18430097424060582, 0.18769344199203944, 0.19058573770140377, 0.19325168659780684, 0.1957984422319946, 0.19820525936139907, 0.2003723621320792, 0.20216740586835558, 0.20344884910511427, 0.20406737159668867, 0.20385773639536245, 0.20263476081769588, 0.20020243357786724, 0.19637841795812322, 0.19102469288457316, 0.18407661450236595, 0.17556092040790142, 0.16560083002839804, 0.15440860028717118, 0.14226806643347514, 0.12951344080655355, 0.11650161888210288, 0.1035847554854907, 0.0910854605342948, 0.0792735883750477, 0.06835244866617746, 0.058453172484185065, 0.049636817307032004, 0.04190303171952496, 0.03520321471204325, 0.029455702414423097, 0.0245599319081115, 0.020409284522139224, 0.016900612930010547, 0.013940206853571939, 0.011446576133719556, 0.009350714142208158, 0.007594805630790729, 0.0061302531534276825, 0.004915668293110062, 0.003915197211239681, 0.003097312728959363, 0.002434046321793824, 0.0019005534367341388, 0.00147488519264656, 0.0011378552001155356, 0.0008729220464415005, 0.0006660422953821923, 0.0005054778596671714, 0.0003815619535927003, 0.00028643911996919835, 0.00021379843106393757, 0.00015861715837004622, 0.00011692745618911194, 8.561303827029426e-05, 6.223791561111924e-05, 4.490573742026985e-05, 3.214625274575988e-05, 2.2824624603425662e-05, 1.6069374204887988e-05, 1.121522330776052e-05, 7.757751229742076e-06, 5.3174173121712135e-06, 3.611038929149864e-06, 2.4292389731620753e-06, 1.6186954678017927e-06, 1.0682622837148012e-06, 6.98206083226123e-07, 4.5194042013823027e-07, 2.897458650296896e-07, 1.840542298562287e-07, 1.1595090249020404e-07, 7.261328315232617e-08, 4.545844782680088e-08, 2.881641870425401e-08, 1.897483923547174e-08, 0.0], "_errors_up": null, "_errors_down": null, "_metadata": {}}