{"_counts": [6.775932734412436e-06, 2.9283209507822292e-05, 6.650383381338633e-05, 9.76882100760175e-05, 0.0001367103267608517, 0.00018056625708669628, 0.00022175508926606814, 0.0005466819885963201, 0.0014216932013174234, 0.003280140767884499, 0.007469858126778243, 0.014053301766551056, 0.021972491343836137, 0.030638387099486655, 0.040065782214404065, 0.04875394922013507, 0.05491577118681219, 0.058473316844438974, 0.060210315302025294, 0.06118202320514259, 0.06169150527301122, 0.06106616064134245, 0.05899857875263479, 0.05591707235179228, 0.05219058742406106, 0.047958810020570224, 0.04339926894897517, 0.038716286552272015, 0.0340310706397772, 0.029405585531716426, 0.024917773185284226, 0.020681763551601087, 0.016814176989396603, 0.013397079670489177, 0.01046257905844214, 0.007999603020934727, 0.005971555395813218, 0.004333868147919011, 0.00304329662884409, 0.0020581859840186623, 0.0013352721688026103, 0.0008283753484596596, 0.0004902643203940966, 0.00027633674948801084, 0.00014817267086366677, 7.554281449065063e-05, 3.662938349671666e-05, 1.6920000515004232e-05, 7.480619516227503e-06, 3.2027733374880123e-06, 1.3655458374801421e-06, 6.152801671205536e-07, 3.2162833590995076e-07, 2.092039971810562e-07, 1.648346643977505e-07, 1.4463289257793217e-07, 1.3248907310486794e-07, 1.2280595186291635e-07, 1.1376901457616652e-07, 1.0486839114694284e-07, 9.602698253592829e-08, 8.730291076060802e-08, 7.87891134996992e-08, 7.057911842134262e-08, 6.275508743168577e-08, 5.5383657333714366e-08, 4.8514793139939046e-08, 4.21820212309481e-08, 3.6403429539475595e-08, 3.118315167938214e-08, 2.6513160560277863e-08, 2.2375237401575855e-08, 1.8743003454784816e-08, 1.55839193082849e-08, 1.2861174350166608e-08], "_edges": [0.0, 1.0, 2.0, 3.0, 4.0, 5.0, 6.0, 7.0, 8.0, 9.0, 10.0, 11.0, 12.0, 13.0, 14.0, 15.0, 16.0, 17.0, 18.0, 19.0, 20.0, 21.0, 22.0, 23.0, 24.0, 25.0, 26.0, 27.0, 28.0, 29.0, 30.0, 31.0, 32.0, 33.0, 34.0, 35.0, 36.0, 37.0, 38.0, 39.0, 40.0, 41.0, 42.0, 43.0, 44.0, 45.0, 46.0, 47.0, 48.0, 49.0, 50.0, 51.0, 52.0, 53.0, 54.0, 55.0, 56.0, 57.0, 58.0, 59.0, 60.0, 61.0, 62.0, 63.0, 64.0, 65.0, 66.0, 67.0, 68.0, 69.0, 70.0, 71.0, 72.0, 73.0, 74.0, 75.0], "_errors": [0.002603062184123237, 0.005411396262317359, 0.008154988277942914, 0.009883734621893563, 0.011692319135263616, 0.01343749444973639, 0.014891443491685691, 0.02338123154575738, 0.037705347118378627, 0.05727251319685996, 0.08642834099286091, 0.11854662275472488, 0.14823120907499923, 0.17503824467666104, 0.2001643879774923, 0.22080296469960511, 0.23434114275306459, 0.24181256552222213, 0.24537790304350002, 0.24735000142539437, 0.2483777471373215, 0.24711568271022877, 0.24289623042080088, 0.23646790977169033, 0.22845259338440668, 0.2189949999898861, 0.20832491197400077, 0.19676454597379076, 0.184475122007758, 0.17148056896253996, 0.15785364482736605, 0.1438115556956432, 0.12966949135936565, 0.11574575443829108, 0.10228674918307913, 0.08944049989202166, 0.07727583966423929, 0.06583212094349544, 0.05516608223214777, 0.045367234696625076, 0.036541376120811465, 0.028781510531236187, 0.022141913205369054, 0.01662337960488212, 0.012172619720654497, 0.008691536946400827, 0.006052221368779951, 0.004113392822841532, 0.002735072122673825, 0.001789629385511987, 0.0011685657180835582, 0.0007843979647605885, 0.0005671228578623426, 0.0004573882346333978, 0.0004059983551663116, 0.00038030631414418057, 0.00036399048490979533, 0.00035043680152477757, 0.00033729662698604994, 0.0003238338943763343, 0.0003098822075175151, 0.0002954706597288604, 0.00028069398550681346, 0.00026566730777674287, 0.000250509655366187, 0.00023533732669025193, 0.00022026073898890616, 0.00020538262154074307, 0.00019079682790726788, 0.0001765875184699704, 0.00016282862328312507, 0.00014958354656036157, 0.00013690508922163856, 0.0001248355690830338, 0.00011340711772268356], "_errors_up": null, "_errors_down": null, "_metadata": {}}