{"_counts": [8.893746111221911e-07, 1.1777062868002529e-05, 3.997255851180859e-05, 0.0001298880152520279, 0.000265224848687057, 0.0003130886351090673, 0.000353781668514076, 0.0005087872371621093, 0.0008736700657671877, 0.0014716688093203163, 0.0022823064901804904, 0.00330375581273071, 0.0046604760840610005, 0.006249592030291342, 0.008103758679011742, 0.010306521821002213, 0.012951245397802782, 0.016030392550203446, 0.019291320459204148, 0.02231086136320479, 0.024979893098605366, 0.027397378986705884, 0.029440235048306326, 0.031029854302006665, 0.03245835242550697, 0.03382644698570726, 0.03512674790190755, 0.036032020425907745, 0.0367489568401079, 0.03741331830520803, 0.038035263379908174, 0.0386200967002083, 0.039124376968008405, 0.039420161261608466, 0.03946734571090848, 0.03917053880690842, 0.03847585874610827, 0.03729845483990801, 0.03564978765490766, 0.033465517517807186, 0.030823567063006624, 0.02783407524080598, 0.024600968504805285, 0.021267600927304568, 0.018025059398203872, 0.014912983077603205, 0.01205823334860259, 0.00953400069415205, 0.007385469295121586, 0.005634420799391211, 0.004220529156680907, 0.0031244631634706715, 0.0022871753395504913, 0.0016406489433403524, 0.0011842508479202544, 0.0008477858265651822, 0.0006034664547841297, 0.0004193472689640901, 0.0002917687859630627, 0.0001997613378630429, 0.00013662457466102936, 9.468552009452034e-05, 6.802431801791461e-05, 4.948060137651063e-05, 3.5312262824907586e-05, 2.5567657860005492e-05, 1.758457116230378e-05, 1.238282108480266e-05, 9.316697241082001e-06, 6.071327203701305e-06, 3.953873849330849e-06, 2.027608741070436e-06, 1.2253514951602632e-06, 9.796124721092105e-07, 7.617302464741637e-07, 4.2748847738009185e-07, 2.411704612050518e-07, 1.387010835520298e-07, 3.3767801092207253e-08, 0.0, 0.0, 0.0, 0.0, 0.0, 0.0, 0.0, 0.0, 0.0, 0.0, 0.0, 0.0, 0.0, 0.0, 0.0, 0.0, 0.0, 0.0, 0.0, 0.0, 0.0], "_edges": [0.0, 1.0, 2.0, 3.0, 4.0, 5.0, 6.0, 7.0, 8.0, 9.0, 10.0, 11.0, 12.0, 13.0, 14.0, 15.0, 16.0, 17.0, 18.0, 19.0, 20.0, 21.0, 22.0, 23.0, 24.0, 25.0, 26.0, 27.0, 28.0, 29.0, 30.0, 31.0, 32.0, 33.0, 34.0, 35.0, 36.0, 37.0, 38.0, 39.0, 40.0, 41.0, 42.0, 43.0, 44.0, 45.0, 46.0, 47.0, 48.0, 49.0, 50.0, 51.0, 52.0, 53.0, 54.0, 55.0, 56.0, 57.0, 58.0, 59.0, 60.0, 61.0, 62.0, 63.0, 64.0, 65.0, 66.0, 67.0, 68.0, 69.0, 70.0, 71.0, 72.0, 73.0, 74.0, 75.0, 76.0, 77.0, 78.0, 79.0, 80.0, 81.0, 82.0, 83.0, 84.0, 85.0, 86.0, 87.0, 88.0, 89.0, 90.0, 91.0, 92.0, 93.0, 94.0, 95.0, 96.0, 97.0, 98.0, 99.0, 100.0], "_errors": [0.0009430665995157453, 0.003431772554818068, 0.006322385508003177, 0.011396842336894369, 0.016285725304298147, 0.017694310811926732, 0.018809084733555644, 0.02255631257901232, 0.02955791037551856, 0.03836233581679192, 0.04777349150083643, 0.05747830732311721, 0.06826767964462394, 0.0790543612351105, 0.09002087912818749, 0.1015210412722516, 0.11380353859965331, 0.12661118651289643, 0.13889319803073205, 0.14936820733745448, 0.15805028661348694, 0.16552153632293862, 0.1715815696638375, 0.1761529287352517, 0.18016201715541202, 0.1839196753632065, 0.1874213112266253, 0.18982102208635307, 0.19170017433510042, 0.19342522665156175, 0.1950263145832074, 0.19651996514402373, 0.19779882954155317, 0.19854511140193926, 0.19866390137845497, 0.1979154839998842, 0.19615264144565647, 0.19312807884900635, 0.18881151356553355, 0.18293582896143443, 0.17556641781105697, 0.166835473568441, 0.1568469588637449, 0.14583415555796442, 0.1342574370312642, 0.12211872533564705, 0.10980998747200817, 0.09764220754444283, 0.08593875316247954, 0.07506277905454348, 0.06496559979466754, 0.05589689761937304, 0.047824421999126045, 0.04050492492698082, 0.03441294593492766, 0.029116761951926973, 0.02456555423319673, 0.02047797033311871, 0.017081240761814193, 0.014133695124171983, 0.011688651533048171, 0.00973064849301013, 0.008247685615850946, 0.007034244904501877, 0.005942412205906587, 0.005056447157837753, 0.00419339613705929, 0.0035189232848703393, 0.003052326529236674, 0.002464006331911772, 0.001988435025172019, 0.0014239412702321806, 0.001106955958997585, 0.0009897537431650413, 0.000872771588947626, 0.0006538260299040501, 0.0004910910925735182, 0.00037242594371502877, 0.00018376017275842786, 0.0, 0.0, 0.0, 0.0, 0.0, 0.0, 0.0, 0.0, 0.0, 0.0, 0.0, 0.0, 0.0, 0.0, 0.0, 0.0, 0.0, 0.0, 0.0, 0.0, 0.0], "_errors_up": null, "_errors_down": null, "_metadata": {}}