{
    "eff": {
        "b": {
            "pt:[20.0, 30.0]": {
                "value": 0.7480590513191241,
                "error": 0.7480590513191241
            },
            "pt:[30.0, 50.0]": {
                "value": 0.7904458279022046,
                "error": 0.7904458279022046
            },
            "pt:[50.0, 70.0]": {
                "value": 0.8190832722883098,
                "error": 0.8190832722883098
            },
            "pt:[70.0, 100.0]": {
                "value": 0.8344617277966081,
                "error": 0.8344617277966081
            },
            "pt:[100.0, 140.0]": {
                "value": 0.8445834939709282,
                "error": 0.8445834939709282
            },
            "pt:[140.0, 200.0]": {
                "value": 0.8518936458197879,
                "error": 0.8518936458197879
            },
            "pt:[200.0, 300.0]": {
                "value": 0.8561272523108728,
                "error": 0.8561272523108728
            },
            "pt:[300.0, 600.0]": {
                "value": 0.8644347140882025,
                "error": 0.8644347140882025
            },
            "pt:[600.0, 900.0]": {
                "value": 0.8735137869972173,
                "error": 0.8735137869972173
            }
        },
        "c": {
            "pt:[20.0, 30.0]": {
                "value": 0.19517153884377222,
                "error": 0.19517153884377222
            },
            "pt:[30.0, 50.0]": {
                "value": 0.17493436908814905,
                "error": 0.17493436908814905
            },
            "pt:[50.0, 70.0]": {
                "value": 0.15884729520741547,
                "error": 0.15884729520741547
            },
            "pt:[70.0, 100.0]": {
                "value": 0.15976589942704833,
                "error": 0.15976589942704833
            },
            "pt:[100.0, 140.0]": {
                "value": 0.16551807256574189,
                "error": 0.16551807256574189
            },
            "pt:[140.0, 200.0]": {
                "value": 0.17625654338851768,
                "error": 0.17625654338851768
            },
            "pt:[200.0, 300.0]": {
                "value": 0.19605889042419203,
                "error": 0.19605889042419203
            },
            "pt:[300.0, 600.0]": {
                "value": 0.22673591005597374,
                "error": 0.22673591005597374
            },
            "pt:[600.0, 900.0]": {
                "value": 0.2618139305931578,
                "error": 0.2618139305931578
            }
        },
        "light": {
            "pt:[20.0, 30.0]": {
                "value": 0.07355800373526684,
                "error": 0.07355800373526684
            },
            "pt:[30.0, 50.0]": {
                "value": 0.053036681393617335,
                "error": 0.053036681393617335
            },
            "pt:[50.0, 70.0]": {
                "value": 0.028645344408614885,
                "error": 0.028645344408614885
            },
            "pt:[70.0, 100.0]": {
                "value": 0.021269423542048336,
                "error": 0.021269423542048336
            },
            "pt:[100.0, 140.0]": {
                "value": 0.017635106506161055,
                "error": 0.017635106506161055
            },
            "pt:[140.0, 200.0]": {
                "value": 0.01590586474857694,
                "error": 0.01590586474857694
            },
            "pt:[200.0, 300.0]": {
                "value": 0.017244718254470406,
                "error": 0.017244718254470406
            },
            "pt:[300.0, 600.0]": {
                "value": 0.027366344175265324,
                "error": 0.027366344175265324
            },
            "pt:[600.0, 900.0]": {
                "value": 0.06768405337848273,
                "error": 0.06768405337848273
            }
        }
    }
}