{"_counts": [0.06093723972803205, 0.04450912570236558, 0.023848311678547954, 0.01772828100085982, 0.014857003533710585, 0.013377705620414845, 0.01403821624632799, 0.01886399971472212, 0.03731244890963268], "_edges": [20.0, 30.0, 50.0, 70.0, 100.0, 140.0, 200.0, 300.0, 600.0, 900.0], "_errors": [5.694067419964241e-05, 3.400672115191558e-05, 3.677819909319452e-05, 3.75985357693176e-05, 4.6523985631616825e-05, 5.977360418681944e-05, 8.641562325544926e-05, 0.00014892168159048695, 0.0006948024972011219], "_errors_up": [5.6965537660054466e-05, 3.401910310303624e-05, 3.6805841968075986e-05, 3.7637643109215274e-05, 4.6595616323001285e-05, 5.9905033013788606e-05, 8.667699389260271e-05, 0.00014949589585395995, 0.0007009614452977639], "_errors_down": [5.6915810739230355e-05, 3.399433920079492e-05, 3.675055621831305e-05, 3.755942842941992e-05, 4.6452354940232365e-05, 5.964217535985028e-05, 8.615425261829582e-05, 0.00014834746732701395, 0.0006886435491044798], "_metadata": {}}