{"_counts": [0.06943319596303267, 0.0515611536892059, 0.028141214295737557, 0.020928534370789235, 0.017493135120059483, 0.015645273206189664, 0.016244505054090266, 0.02170964655259514, 0.04257310866756322], "_edges": [20.0, 30.0, 50.0, 70.0, 100.0, 140.0, 200.0, 300.0, 600.0, 900.0], "_errors": [6.0503227489377975e-05, 3.646541998531677e-05, 3.986111601162953e-05, 4.078137196603798e-05, 5.0409236838811974e-05, 6.455617210601727e-05, 9.283451386661243e-05, 0.00015948548051551367, 0.0007397045336875845], "_errors_up": [6.052760930295997e-05, 3.6477608179250054e-05, 3.9888508930899236e-05, 4.082021689877022e-05, 5.048046917263682e-05, 6.468696666864227e-05, 9.309464175287496e-05, 0.00016005614720290481, 0.000745789913501306], "_errors_down": [6.047884567579598e-05, 3.645323179138349e-05, 3.983372309235983e-05, 4.074252703330575e-05, 5.033800450498713e-05, 6.442537754339228e-05, 9.25743859803499e-05, 0.00015891481382812253, 0.0007336191538738629], "_metadata": {}}