{"_counts": [0.1846226922163473, 0.16925930879676207, 0.15499679168279484, 0.15581581627775892, 0.1607611049143757, 0.1716633563427976, 0.18545411260564218, 0.2061552135992445, 0.22407783909381354], "_edges": [20.0, 30.0, 50.0, 70.0, 100.0, 140.0, 200.0, 300.0, 600.0, 900.0], "_errors": [0.0004579533154096399, 0.0003017500698967168, 0.00041311723163584, 0.0004664440787361668, 0.0005963790741650155, 0.0007628029388602325, 0.0010319780734236172, 0.0015145717125370078, 0.005097323429911177], "_errors_up": [0.0004583920114945572, 0.0003019640103718857, 0.00041356607952708346, 0.0004670123649244684, 0.0005972713943246111, 0.0007641429026699065, 0.00103418806600572, 0.0015186715464273748, 0.005137970197302305], "_errors_down": [0.0004575146193247226, 0.00030153612942154795, 0.0004126683837445966, 0.00046587579254786515, 0.0005954867540054198, 0.0007614629750505586, 0.0010297680808415144, 0.001510471878646641, 0.005056676662520049], "_metadata": {}}