{"_counts": [0.17047425796066437, 0.15521607289508152, 0.14213364784367313, 0.1431514548193466, 0.14810839183780591, 0.1581629330554832, 0.1712751283110554, 0.19011443808677295, 0.2083938425791461], "_edges": [20.0, 30.0, 50.0, 70.0, 100.0, 140.0, 200.0, 300.0, 600.0, 900.0], "_errors": [0.00044387903185709454, 0.0002914043706253727, 0.00039862628424471025, 0.0004504560649706557, 0.0005767713969011407, 0.0007382021146100648, 0.0010004456511648746, 0.001469285225357983, 0.004967031842942171], "_errors_up": [0.00044433743063168607, 0.00029162740327362546, 0.00039909189372663856, 0.0004510452981361657, 0.0005776970677815185, 0.0007395972988444577, 0.001002755512982012, 0.0014736094804072286, 0.005010005373675547], "_errors_down": [0.000443420633082503, 0.00029118133797712, 0.00039816067476278194, 0.00044986683180514575, 0.0005758457260207628, 0.0007368069303756719, 0.0009981357893477372, 0.0014649609703087374, 0.0049240583122087955], "_metadata": {}}