{"_counts": [0.1838894743004332, 0.16832559398621494, 0.15314469899426753, 0.15355950624951478, 0.16511826037567448, 0.1699077536773872, 0.19097413318657128, 0.22835497835497837, 0.28941176470588237], "_edges": [20.0, 30.0, 50.0, 70.0, 100.0, 140.0, 200.0, 300.0, 600.0, 900.0], "_errors": [0.0018863578174850987, 0.0012125204002769452, 0.0016368011810832112, 0.0018469770054116152, 0.0023852002933166666, 0.0029961051240917913, 0.004178865684659125, 0.006283651054586892, 0.023149426323596345], "_errors_up": [0.0018938063557083773, 0.0012159886580882517, 0.0016439216155008651, 0.0018560055420006882, 0.002398902929406116, 0.0030168954360766387, 0.00421333340729016, 0.00634347316474787, 0.023670681960693885], "_errors_down": [0.00187890927926182, 0.0012090521424656386, 0.0016296807466655572, 0.0018379484688225423, 0.0023714976572272173, 0.002975314812106944, 0.00414439796202809, 0.006223828944425913, 0.022628170686498805], "_metadata": {}}