{"_counts": [0.19517153884377222, 0.17493436908814905, 0.15884729520741547, 0.15976589942704833, 0.16551807256574189, 0.17625654338851768, 0.19605889042419203, 0.22673591005597374, 0.2618139305931578], "_edges": [20.0, 30.0, 50.0, 70.0, 100.0, 140.0, 200.0, 300.0, 600.0, 900.0], "_errors": [0.00032445827533797433, 0.0002060924951594184, 0.00027698830407221764, 0.00031201767946566206, 0.0003987535693824318, 0.0005083048058793505, 0.0006956947968193294, 0.0010313890841767426, 0.0034792186307054662], "_errors_up": [0.00032466235477082717, 0.0002061880862249954, 0.00027718399095710833, 0.0003122641370613133, 0.00039913806168381805, 0.0005088799117705378, 0.0006966260221148157, 0.0010330421944987067, 0.00349400507429537], "_errors_down": [0.0003242541959051215, 0.00020599690409384142, 0.00027679261718732695, 0.00031177122187001083, 0.0003983690770810455, 0.0005077296999881631, 0.0006947635715238432, 0.0010297359738547784, 0.0034644321871155626], "_metadata": {}}