{"_counts": [0.6504578092449548, 0.7097697155129677, 0.7505123257683979, 0.7729429476005041, 0.7874218941198703, 0.7972081209609417, 0.8071982873963072, 0.8149284253578732, 0.8341269841269842], "_edges": [20.0, 30.0, 50.0, 70.0, 100.0, 140.0, 200.0, 300.0, 600.0, 900.0], "_errors": [0.0009039320771817017, 0.00040724398896352376, 0.00041269733304866163, 0.000404196820245617, 0.0005099776759093233, 0.000744631713951005, 0.001322879931480836, 0.002734248575693321, 0.010873779214361112], "_errors_up": [0.0009033924410498662, 0.00040707527262962007, 0.0004124697180554193, 0.0004039430331097549, 0.0005095317837101598, 0.0007436147195131193, 0.001319440169693542, 0.002718776861195149, 0.010598676805998353], "_errors_down": [0.0009044717133135372, 0.00040741270529742746, 0.00041292494804190394, 0.0004044506073814791, 0.0005104235681084868, 0.0007456487083888907, 0.0013263196932681298, 0.002749720290191493, 0.011148881622723872], "_metadata": {}}