{"_counts": [0.7345300617387095, 0.7824330305524453, 0.8139207250281995, 0.8300458063946604, 0.8405382488241442, 0.8480849304560074, 0.8510051051227302, 0.8567084468420072, 0.8616420422666916], "_edges": [20.0, 30.0, 50.0, 70.0, 100.0, 140.0, 200.0, 300.0, 600.0, 900.0], "_errors": [0.00018289513771629906, 8.110909879960326e-05, 8.062664445662726e-05, 7.813530859290818e-05, 9.80537295254269e-05, 0.0001431584837833788, 0.00025689097814357575, 0.0005262033634667596, 0.002130403538702752], "_errors_up": [0.00018285492433733896, 8.1098185303774e-05, 8.061317404295387e-05, 7.81210295413004e-05, 9.802931349156552e-05, 0.00014310314442678163, 0.00025670847864533997, 0.000525400516633967, 0.0021167567064486192], "_errors_down": [0.00018293535109525916, 8.112001229543253e-05, 8.064011487030065e-05, 7.814958764451596e-05, 9.807814555928829e-05, 0.000143213823139976, 0.00025707347764181154, 0.0005270062102995521, 0.0021440503709568848], "_metadata": {}}