{"_counts": [0.07355800373526684, 0.053036681393617335, 0.028645344408614885, 0.021269423542048336, 0.017635106506161055, 0.01590586474857694, 0.017244718254470406, 0.027366344175265324, 0.06768405337848273], "_edges": [20.0, 30.0, 50.0, 70.0, 100.0, 140.0, 200.0, 300.0, 600.0, 900.0], "_errors": [4.3557503504050576e-05, 2.5036580060831815e-05, 2.6738869303641333e-05, 2.719380540104968e-05, 3.345327761765035e-05, 4.2917185286556886e-05, 6.296266733467684e-05, 0.00011714425905658306, 0.0006036616131730663], "_errors_up": [4.35693716034774e-05, 2.504215663240439e-05, 2.6750975951502637e-05, 2.7210800408652286e-05, 3.3484407355524604e-05, 4.297407020245961e-05, 6.307538203617971e-05, 0.00011738739024432648, 0.0006061462717878857], "_errors_down": [4.354563540462375e-05, 2.503100348925924e-05, 2.672676265578003e-05, 2.7176810393447076e-05, 3.34221478797761e-05, 4.2860300370654164e-05, 6.284995263317397e-05, 0.00011690112786883963, 0.0006011769545582468], "_metadata": {}}