{"_counts": [0.7214849851972768, 0.7712941516192611, 0.8042424719491053, 0.8211253519647072, 0.8320977469153943, 0.8398236716825709, 0.8422133244274591, 0.8458116141551024, 0.8473162521039835], "_edges": [20.0, 30.0, 50.0, 70.0, 100.0, 140.0, 200.0, 300.0, 600.0, 900.0], "_errors": [0.00018566268088437976, 8.256506730663915e-05, 8.220326268038036e-05, 7.972730397920458e-05, 0.00010010811586230739, 0.00014628003835315262, 0.0002629862855896281, 0.0005423277178495667, 0.002218512711115894], "_errors_up": [0.00018562470520444574, 8.255458711392549e-05, 8.219020633704055e-05, 7.971341214030314e-05, 0.00010008430095842513, 0.00014622601269298485, 0.000262808360746436, 0.0005415494459557468, 0.0022054110861564613], "_errors_down": [0.00018570065656431378, 8.257554749935281e-05, 8.221631902372017e-05, 7.974119581810601e-05, 0.00010013193076618965, 0.00014633406401332039, 0.00026316421043282023, 0.0005431059897433865, 0.002231614336075327], "_metadata": {}}